,Construct sequence
hsa-let-7a-1,CTGGATGTTCTCTTCACTGTGGGATGAGGTAGTAGGTTGTATAGTTTTAGGGTCACACCCACCACTGGGAGATAACTATACAATCTACTGTCTTTCCTAACGTGATAGAAAAGTCTGCATCCAGG
hsa-let-7a-2,AGCCATTGTGACTGCATGCTCCCAGGTTGAGGTAGTAGGTTGTATAGTTTAGAATTACATCAAGGGAGATAACTGTACAGCCTCCTAGCTTTCCTTGGGTCTTGCACTAAACAACATGGTGAGAA
hsa-let-7a-3,CACCAAGACCGACTGCCCTTTGGGGTGAGGTAGTAGGTTGTATAGTTTGGGGCTCTGCCCTGCTATGGGATAACTATACAATCTACTGTCTTTCCTGAAGTGGCTGTAATATCTGCGGTGGACAG
hsa-let-7b,TGCAAGGCCGGGCCTGGCGGGGTGAGGTAGTAGGTTGTGTGGTTTCAGGGCAGTGATGTTGCCCCTCGGAAGATAACTATACAACCTACTGCCTTCCCTGAGGAGCCCAGTGACACGACCCCATG
hsa-let-7c,ACATTGGAAGCTGTGTGCATCCGGGTTGAGGTAGTAGGTTGTATGGTTTAGAGTTACACCCTGGGAGTTAACTGTACAACCTTCTAGCTTTCCTTGGAGCACACTTGAGCCGTCGAGGAATTCTT
hsa-let-7d,AAAAAAAAATGGGTTCCTAGGAAGAGGTAGTAGGTTGCATAGTTTTAGGGCAGGGATTTTGCCCACAAGGAGGTAACTATACGACCTGCTGCCTTTCTTAGGGCCTTATTATTCACCGATAACCT
hsa-let-7e,CTGTCCACCTGCCGCGCCCCCCGGGCTGAGGTAGGAGGTTGTATAGTTGAGGAGGACACCCAAGGAGATCACTATACGGCCTCCTAGCTTTCCCCAGGCTGCGCCCTGCACGGGACGGGGCCCGG
hsa-let-7f-1,GAAAACATTGCTCTATCAGAGTGAGGTAGTAGATTGTATAGTTGTGGGGTAGTGATTTTACCCTGTTCAGGAGATAACTATACAATCTATTGCCTTCCCTGAGGAGTAGACTTGCTGCATTATTT
hsa-let-7f-2,AGATGGACACTGGTGCTCTGTGGGATGAGGTAGTAGATTGTATAGTTTTAGGGTCATACCCCATCTTGGAGATAACTATACAGTCTACTGTCTTTCCCACGGTGGTACACTTCTTCTCCGACTGG
hsa-let-7g,TTCCTTTTGCCTGATTCCAGGCTGAGGTAGTAGTTTGTACAGTTTGAGGGTCTATGATACCACCCGGTACAGGAGATAACTGTACAGGCCACTGCCTTGCCAGGAACAGCGCGCCAGCTGCCAAG
hsa-let-7i,CCCCGACACCATGGCCCTGGCTGAGGTAGTAGTTTGTGCTGTTGGTCGGGTTGTGACATTGCCCGCTGTGGAGATAACTGCGCAAGCTACTGCCTTGCTAGTGCTGGTGATGCTCAGCGCCGCGG
hsa-mir-1-1,GAACTGCATGCAGACTGCCTGCTTGGGAAACATACTTCTTTATATGCCCATATGGACCTGCTAAGCTATGGAATGTAAAGAAGTATGTATCTCAGGCCGGGACCTCTCTCGCCGCACTGAGGGGC
hsa-mir-1-2,GCTAACAACTTAGTAATACCTACTCAGAGTACATACTTCTTTATGTACCCATATGAACATACAATGCTATGGAATGTAAAGAAGTATGTATTTTTGGTAGGCAATAAACCACCAAGGGAGAATTA
hsa-mir-100,AAAGAGAGAAGATATTGAGGCCTGTTGCCACAAACCCGTAGATCCGAACTTGTGGTATTAGTCCGCACAAGCTTGTATCTATAGGTATGTGTCTGTTAGGCAATCTCACGGACCTGGGGCTTTGC
hsa-mir-101-1,ACCGACACAGTGACTGACAGGCTGCCCTGGCTCAGTTATCACAGTGCTGATGCTGTCTATTCTAAAGGTACAGTACTGTGATAACTGAAGGATGGCAGCCATCTTACCTTCCATCAGAGGAGCCT
hsa-mir-101-2,CAGGTAGATATGAGACTGAACTGTCCTTTTTCGGTTATCATGGTACCGATGCTGTATATCTGAAAGGTACAGTACTGTGATAACTGAAGAATGGTGGTGCCATCACATTGAGAAAGGGTTGAGGA
hsa-mir-103a-1,TGAAATTCTTGGAAGTTTTCTTACTGCCCTCGGCTTCTTTACAGTGCTGCCTTGTTGCATATGGATCAAGCAGCATTGTACAGGGCTATGAAGGCATTGAGACCTGTTCTTCATGATATTTGAGT
hsa-mir-103a-2,ACCTCAGCAGAGCTGCGTCTTTGTGCTTTCAGCTTCTTTACAGTGCTGCCTTGTAGCATTCAGGTCAAGCAGCATTGTACAGGGCTATGAAAGAACCAAGAATGGGCTGCCCTTGGGAAAAGAGG
hsa-mir-105-1,TTCTGTTGCAGAACCTGAGTGTGCATCGTGGTCAAATGCTCAGACTCCTGTGGTGGCTGCTCATGCACCACGGATGTTTGAGCATGTGCTACGGTGTCTACTTTTGCTACATTGCCGTCTGCTTC
hsa-mir-105-2,ATGTTGCAGATCTTCTGTGTGTGCATCGTGGTCAAATGCTCAGACTCCTGTGGTGGCTGCTTATGCACCACGGATGTTTGAGCATGTGCTATGGTGTCTACTTTTGCAACATTGCCATCTGCTTC
hsa-mir-106a,ATTTTGCTACAGGAATAGGCCTTGGCCATGTAAAAGTGCTTACAGTGCAGGTAGCTTTTTGAGATCTACTGCAATGTAAGCACTTCTTACATTACCATGGTGATTTAGTCAATGGCTACTGAGAA
hsa-mir-106b,CCCCACCTCCCGCTCCAGCCCTGCCGGGGCTAAAGTGCTGACAGTGCAGATAGTGGTCCTCTCCGTGCTACCGCACTGTGGGTACTTGCTGCTCCAGCAGGGCACGCACAGCGTCCGTGGAGGGA
hsa-mir-107,ACTTGCAATATTCGATATTCTCTCTGCTTTCAGCTTCTTTACAGTGTTGCCTTGTGGCATGGAGTTCAAGCAGCATTGTACAGGGCTATCAAAGCACAGAGAGCTTGCTACAGCCAAGGCCAGCC
hsa-mir-10a,GCCAAGAAGATCTGTCTGTCTTCTGTATATACCCTGTAGATCCGAATTTGTGTAAGGAATTTTGTGGTCACAAATTCGTATCTAGGGGAATATGTAGTTGACATAAACACTCCGCTCTTATTTTT
hsa-mir-10b,GACCCAGAGGTTGTAACGTTGTCTATATATACCCTGTAGAACCGAATTTGTGTGGTATCCGTATAGTCACAGATTCGATTCTAGGGGAATATATGGTCGATGCAAAAACTTCACGTTTCTTCGGA
hsa-mir-1179,TAACTGAGCTCTTATTGGCTGGAAAGGAAGAAGCATTCTTTCATTGGTTGGTGTGTATTGCCTTGTCAACCAATAAGAGGATGCCATTTATCCTTTTCTGACTAGCTGAGTGAGCAGGGTACACA
hsa-mir-1180,GCGAGTCCCGGCGGGGCGAAGCCCGCGGCTGCTGGACCCACCCGGCCGGGAATAGTGCTCCTGGTTGTTTCCGGCTCGCGTGGGTGTGTCGGCGGCGGGGCCTGACACCCCCGGCCTCCTGGCCT
hsa-mir-1185-1,GCTCTTTGAGCCACTCTTTGGTACTTGAAGAGAGGATACCCTTTGTATGTTCACTTGATTAATGGCGAATATACAGGGGGAGACTCTTATTTGCGTATCAAACTCTGTCGAGGAAGACGCTCAGA
hsa-mir-1185-2,GCTCTTTGAGCCACCCTTTGGTACTTAAAGAGAGGATACCCTTTGTATGTTCACTTGATTAATGGCGAATATACAGGGGGAGACTCTCATTTGCGTATCAAACTGTCGGAGAAGACACTCATACC
hsa-mir-1193,GTGCCATCTGCTCTCCAGGGTAGCTGAGGGGATGGTAGACCGGTGACGTGCACTTCATTTACGATGTAGGTCACCCGTTTGACTATCCACCAGCGCCCGGTCCATCTGTGGGATGACATCTTGGT
hsa-mir-1197,GGGGTCAGCGTCACTTCCTGGTATTTGAAGATGCGGTTGACCATGGTGTGTACGCTTTATTTGTGACGTAGGACACATGGTCTACTTCTTCTCAATATCACATCTCGCCTTGGAAGACTTCCAGG
hsa-mir-122,TCGTGGCTACAGAGTTTCCTTAGCAGAGCTGTGGAGTGTGACAATGGTGTTTGTGTCTAAACTATCAAACGCCATTATCACACTAAATAGCTACTGCTAGGCAATCCTTCCCTCGATAAATGTCT
hsa-mir-124-1,TTCCTTCCTCAGGAGAAAGGCCTCTCTCTCCGTGTTCACAGCGGACCTTGATTTAAATGTCCATACAATTAAGGCACGCGGTGAATGCCAAGAATGGGGCTGGCTGAGCACCGTGGGTCGGCGAG
hsa-mir-124-2,TTTCCGGATCAAGATTAGAGGCTCTGCTCTCCGTGTTCACAGCGGACCTTGATTTAATGTCATACAATTAAGGCACGCGGTGAATGCCAAGAGCGGAGCCTACGGCTGCACTTGAAGGACACCAA
hsa-mir-124-3,GCCGCCCGCCCCAGCCCTGAGGGCCCCTCTGCGTGTTCACAGCGGACCTTGATTTAATGTCTATACAATTAAGGCACGCGGTGAATGCCAAGAGAGGCGCCTCCGCCGCTCCTTTCTCATGGAAA
hsa-mir-1245b,TTCCAGAATTTAATAAAAATACCTTTTTATATGTAGGCCTTTAGATCACTTAAAGAGTATTCAACATCAGATGATCTAAAGGCCTATACATAAATAGGTAGTTTTGAAAATCCAAATTTTTCAAG
hsa-mir-1247,CCTCGCCCAGCGCAGCCCCGGCCGCTGGGCGCACCCGTCCCGTTCGTCCCCGGACGTTGCTCTCTACCCCGGGAACGTCGAGACTGGAGCGCCCGAACTGAGCCACCTTCGCGGACCCCGAGAGC
hsa-mir-1249,TCCTGCTCCTCAGATTATTGTTGGCATGGGGAGGAGGGAGGAGATGGGCCAAGTTCCCTCTGGCTGGAACGCCCTTCCCCCCCTTCTTCACCTGGCGAACTCCTACTCGTCCTTCAAGACCCAGC
hsa-mir-1251,CACCCGAGCGTCCATGGGTCAGCTATGTGGACTCTAGCTGCCAAAGGCGCTTCTCCTTCTGAACAGAGCGCTTTGCTCAGCCAGTGTAGACATGGCCTGATAAACAATGGAACTTCTCCCTTGAG
hsa-mir-1252,GGTAAGTTGAGAAAAAATGTGAGGTGTAGAAAGAAGGAAATTGAATTCATTTAGAAAAGAGAATTCCAAATGAGCTTAATTTCCTTTTTTCTAAATCTTAATAATCTACCTTGCTTTTCTTCTCC
hsa-mir-1256,TCAGCCTGTTGAAGCTTTGAAGCTTTGATGCCAGGCATTGACTTCTCACTAGCTGTGAAAGTCCTAGCTAAAGAGAAGTCAATGCATGACATCTTGTTTCAATAGATGGCTGTTTCATCTACACT
hsa-mir-125a,CCACCGCACACCATGTTGCCAGTCTCTAGGTCCCTGAGACCCTTTAACCTGTGAGGACATCCAGGGTCACAGGTGAGGTTCTTGGGAGCCTGGCGTCTGGCCCAACCACACACCTGGGGAATTGC
hsa-mir-125b-1,AGAAAGAAAACATTGTTGCGCTCCTCTCAGTCCCTGAGACCCTAACTTGTGATGTTTACCGTTTAAATCCACGGGTTAGGCTCTTGGGAGCTGCGAGTCGTGCTTTTGCATCCTGGAAATTTGGT
hsa-mir-125b-2,TTCTACCGCATCAAACCAGACTTTTCCTAGTCCCTGAGACCCTAACTTGTGAGGTATTTTAGTAACATCACAAGTCAGGCTCTTGGGACCTAGGCGGAGGGGAACCAGCAGCTTTGGACCTTATT
hsa-mir-126,GAAGACGCCACGCCTCCGCTGGCGACGGGACATTATTACTTTTGGTACGCGCTGTGACACTTCAAACTCGTACCGTGAGTAATAATGCGCCGTCCACGGCACCGCATCGAAAACGCCGCTGAGAC
hsa-mir-1264,TGTGTTTCTCCATGCCTGGCATATAGCAGGTCCTCAATAAGTATTTGTTGAAAGAATAAATAAACCAACAAGTCTTATTTGAGCACCTGTTATGTGGAGGATACAATCCTACGACCCAGACAGAC
hsa-mir-1266,TTGGCCTTGTTTGATGCTAGACAGGTAGTGTCCCTCAGGGCTGTAGAACAGGGCTGGGATTACTAAAGCCCTGTTCTATGCCCTGAGGGACACTGAGCATGTCATTTCACTTCTCAGAGTCTTCA
hsa-mir-1269a,CCACTGGATTGCCTAGACCAGGGAAGCCAGTTGGCATGGCTCAGTCCAAGTCTGACCACCTGAGGAATGCCTGGACTGAGCCGTGCTACTGGCTTCCCTGGTCTCCAGCTTGCAGATGGCCTATC
hsa-mir-127,AAGGTCTCGCTGTGATCACTGTCTCCAGCCTGCTGAAGCTCAGAGGGCTCTGATTCAGAAAGATCATCGGATCCGTCTGAGCTTGGCTGGTCGGAAGTCTCATCATCTGCTTCCTTCGGGTTAAA
hsa-mir-1270,AATAATTTACTTTTAAAGGCACAGAGTTATACTGGAGATATGGAAGAGCTGTGTTGGGTATAAGTAACAGGCTTTTCTTTATCTTCTATGTGGCTCTTTGCATTGTGCTCACCTGGGACCCTTCA
hsa-mir-1271,CACCTCTGTATCTGCAGCACCCAGATCAGTGCTTGGCACCTAGCAAGCACTCAGTAAATATTTGTTGAGTGCCTGCTATGTGCCAGGCATTGTGCTGAGGGCTTTGTGGGGATTCAGAGGTAAGT
hsa-mir-1276,CACCTCCAAGCCATCACTTGCCCCAGCTAGGTAAAGAGCCCTGTGGAGACACCTGGATTCAGAGAACATGTCTCCACTGAGCACTTGGGCCTTGATGGCGGCTCTTGTTCCAAGGCAAGGGGGAT
hsa-mir-1277,AGAAATGCAGTATCCATTTCTAACCTCCCAAATATATATATATATGTACGTATGTGTATATAAATGTATACGTAGATATATATGTATTTTTGGTGGGTTTAATTTTTTTCATCTTTTTTCATAGT
hsa-mir-1278,TATTAACTCATGTAATCGTATTTGCTCATAGATGATATGCATAGTACTCCCAGAACTCATTAAGTTGGTAGTACTGTGCATATCATCTATGAGCGAATAGGCTCAGACAGAGTGAGTTCCTGAGG
hsa-mir-128-1,AATAATTGGCCTTGTTCCTGAGCTGTTGGATTCGGGGCCGTAGCACTGTCTGAGAGGTTTACATTTCTCACAGTGAACCGGTCTCTTTTTCAGCTGCTTCCTGGCTTCTTTTTACTCAGGTTTCC
hsa-mir-128-2,CAGAGCCCGGCAGCCACTGTGCAGTGGGAAGGGGGGCCGATACACTGTACGAGAGTGAGTAGCAGGTCTCACAGTGAACCGGTCTCTTTCCCTACTGTGTCACACTCCTAATGGAATGCCGTTAT
hsa-mir-1283-1,GCTGGAGCAAGAAGATCTCAAGCTATGAGTCTACAAAGGAAAGCGCTTTCTGTTGTCAGAAAGAAGAGAAAGCGCTTCCCTTTTGAGGGTTACGGTTTGAGAAAAGCAGTGTTGAAGTTGATGCT
hsa-mir-1283-2,GCTGGAGCAAGAAGATCTCAAGCTGTGAGTCTACAAAGGAAAGCGCTTTCTGTTGTCTGAAAGAAAAGAAATCGCTTCCCTTTGGAGTGTTACGGTTTGAGAAAAGCAGCGTTGAAGTTGATGCT
hsa-mir-1286,CCACCGGTCACTTGCTCATTAGTGTCCTCTGGGGACTCAGCTTGCTCTGGCTGCTGGATTGAATTAGCTGCAGGACCAAGATGAGCCCTTGGTGGAGACAGGATTCTCCAGATAATTAGGCAGCA
hsa-mir-1287,GCCCTTCTCTCTGCTGTTGTGCTGTCCAGGTGCTGGATCAGTGGTTCGAGTCTGAGCCTTTAAAAGCCACTCTAGCCACAGATGCAGTGATTGGAGCCATGACAAGTCCCCACACTCCGGGGAGT
hsa-mir-129-1,ATGGGATGGCTGCTGTCTCCTTTGGATCTTTTTGCGGTCTGGGCTTGCTGTTCCTCTCAACAGTAGTCAGGAAGCCCTTACCCCAAAAAGTATCTGCGGGAGGCCTTGTCCACAGGGGAGGCTGC
hsa-mir-129-2,AAGCCGGCATATTCTGCCCTTCGCGAATCTTTTTGCGGTCTGGGCTTGCTGTACATAACTCAATAGCCGGAAGCCCTTACCCCAAAAAGCATTTGCGGAGGGCGCACTCGTCGAGAAGACGGCAG
hsa-mir-1294,GATCTGTTCATTTATGATCTCACCGAGTCCTGTGAGGTTGGCATTGTTGTCTGGCATTGTCTGATATACAACAGTGCCAACCTCACAGGACTCAGTGAGGTGAAACTGAGGATTAGGAAGGTGTA
hsa-mir-1295a,TTGGGGAGCTCCTGAGAAAAGAGGACATTTTGCCCAGATCCGTGGCCTATTCAGAAATGTGGCCTGTGATTAGGCCGCAGATCTGGGTGAAATGTCCTCCTTCTGTGACCAAAGAAGGTGAGGGA
hsa-mir-1296,AAATCAACGAATCACCTACCTAACTGGGTTAGGGCCCTGGCTCCATCTCCTTTAGGAAAACCTTCTGTGGGGAGTGGGGCTTCGACCCTAACCCAGGTGGGCTGTAACACTGCTGTGTTTTCTAA
hsa-mir-1298,TGGAGAGACGAGGAGTTAAGAGTTCATTCGGCTGTCCAGATGTATCCAAGTACCCTGTGTTATTTGGCAATAAATACATCTGGGCAACTGACTGAACTTTTCACTTTTCATGACTCAGCTGGAAC
hsa-mir-1301,CCAAGCGACCCCTAGAATGGGGATTGTGGGGGGTCGCTCTAGGCACCGCAGCACTGTGCTGGGGATGTTGCAGCTGCCTGGGAGTGACTTCACACAGTCCTCTCTGCCTCCAGGGTCACCCGGAA
hsa-mir-1307,CAGCTGAGTCACTGTCACTGCCTACCAATCTCGACCGGACCTCGACCGGCTCGTCTGTGTTGCCAATCGACTCGGCGTGGCGTCGGTCGTGGTAGATAGGCGGTCATGCATACGAATTTTCAGCT
hsa-mir-130a,CCGGCATGCCTCTGCTGCTGGCCAGAGCTCTTTTCACATTGTGCTACTGTCTGCACCTGTCACTAGCAGTGCAATGTTAAAAGGGCATTGGCCGTGTAGTGCTACCCAGCGCTGGCTGCCTCCTC
hsa-mir-130b,CTGGGGGAGGCACTGGCAGGCCTGCCCGACACTCTTTCCCTGTTGCACTACTATAGGCCGCTGGGAAGCAGTGCAATGATGAAAGGGCATCGGTCAGGTCCAGCCTGCTACCCTGGGAGGGGGAA
hsa-mir-132,TCCGCGCGCCCCGCCCCCGCGTCTCCAGGGCAACCGTGGCTTTCGATTGTTACTGTGGGAACTGGAGGTAACAGTCTACAGCCATGGTCGCCCCGCAGCACGCCCACGCGCCGCGCCACGCCGCG
hsa-mir-1323,TGAAGTCAGACATGACATTCAGACTGAGGTCCTCAAAACTGAGGGGCATTTTCTGTGGTTTGAAAGGAAAGTGCACCCAGTTTTGGGGATGTCAATTGTGAATCCTCATCATAACCCATCCCCAG
hsa-mir-133a-1,CCAAACTAGCAGCACTACAATGCTTTGCTAGAGCTGGTAAAATGGAACCAAATCGCCTCTTCAATGGATTTGGTCCCCTTCAACCAGCTGTAGCTATGCATTGATTACTACGGGACAACCAACGT
hsa-mir-133a-2,CTCGGATCTGGGAGCCAAATGCTTTGCTAGAGCTGGTAAAATGGAACCAAATCGACTGTCCAATGGATTTGGTCCCCTTCAACCAGCTGTAGCTGTGCATTGATGGCGCCGTGCGGCCCGGCCGC
hsa-mir-133b,CACCTCAGAAGAAAGATGCCCCCTGCTCTGGCTGGTCAAACGGAACCAAGTCCGTCTTCCTGAGAGGTTTGGTCCCCTTCAACCAGCTACAGCAGGGCTGGCAATGCCCAGTCCTTGGAGAAACA
hsa-mir-134,AGATGTTGGTGTCAGCACCGTCCAGGGTGTGTGACTGGTTGACCAGAGGGGCATGCACTGTGTTCACCCTGTGGGCCACCTAGTCACCAACCCTCAGCATCACTCCCACTCCAGGAAGACTTTCC
hsa-mir-1343,GGAACAGGACGATGATGCTGGCGTCGGTGCTGGGGAGCGGCCCCCGGGTGGGCCTCTGCTCTGGCCCCTCCTGGGGCCCGCACTCTCGCTCTGGGCCCGCTCCTCTTCCGCCACTGCCATGGACC
hsa-mir-135a-1,GCAAGAGCAGCCCCAGGCCTCGCTGTTCTCTATGGCTTTTTATTCCTATGTGATTCTACTGCTCACTCATATAGGGATTGGAGCCGTGGCGCACGGCGGGGACAGCCAGCGGAGGGTTCTGACAC
hsa-mir-135a-2,TCCGACCAAGATAAATTCACTCTAGTGCTTTATGGCTTTTTATTCCTATGTGATAGTAATAAAGTCTCATGTAGGGATGGAAGCCATGAAATACATTGTGAAAAATCATCAACTAAGAAGGGGCC
hsa-mir-135b,GCCGCTGGACCCCTCCACTCTGCTGTGGCCTATGGCTTTTCATTCCTATGTGATTGCTGTCCCAAACTCATGTAGGGCTAAAAGCCATGGGCTACAGTGAGGGGCGAGCTCCTTCTCCTGCGCAG
hsa-mir-136,CGCCTCGGTGGTGTTGGATGAGCCCTCGGAGGACTCCATTTGTTTTGATGATGGATTCTTATGCTCCATCATCGTCTCAAATGAGTCTTCAGAGGGTTCTATCATTTCGTCGGATGGAAAGGAGT
hsa-mir-137,CGGCAGCTTGGTCCTCTGACTCTCTTCGGTGACGGGTATTCTTGGGTGGATAATACGGATTACGTTGTTATTGCTTAAGAATACGCGTAGTCGAGGAGAGTACCAGCGGCAGGGGGGCAGCGGCC
hsa-mir-138-1,GAGACCTCCCTGGCATGGTGTGGTGGGGCAGCTGGTGTTGTGAATCAGGCCGTTGCCAATCAGAGAACGGCTACTTCACAACACCAGGGCCACACCACACTACAGGCAGCATTCCAGCTCCAGAA
hsa-mir-138-2,GGCGGAGTTCTGGTATCGTTGCTGCAGCTGGTGTTGTGAATCAGGCCGACGAGCAGCGCATCCTCTTACCCGGCTATTTCACGACACCAGGGTTGCATCATACCCATCCTCTCCAGGCGAGCCTC
hsa-mir-139,TTGGGAGGCACTGGGACTGGCTCAGGTGTATTCTACAGTGCACGTGTCTCCAGTGTGGCTCGGAGGCTGGAGACGCGGCCCTGTTGGAGTAACAACTGAAGCCGGAGTCTGCGAAGGGTGGGCAG
hsa-mir-140,CCCTGTGTGTGTCTCTCTCTGTGTCCTGCCAGTGGTTTTACCCTATGGTAGGTTACGTCATGCTGTTCTACCACAGGGTAGAACCACGGACAGGATACCGGGGCACCCTCTGCGTCGACGGACTC
hsa-mir-141,TAGTTCTCTGTCGGCCGGCCCTGGGTCCATCTTCCAGTACAGTGTTGGATGGTCTAATTGTGAAGCTCCTAACACTGTCTGGTAAAGATGGCTCCCGGGTGGGTTCTCTCGGCAGTAACCTTCAG
hsa-mir-142,CGCCGACGGACAGACAGACAGTGCAGTCACCCATAAAGTAGAAAGCACTACTAACAGCACTGGAGGGTGTAGTGTTTCCTACTTTATGGATGAGTGTACTGTGGGCTTCGGAGATCACGCCACTG
hsa-mir-143,GGAGCAGCGCAGCGCCCTGTCTCCCAGCCTGAGGTGCAGTGCTGCATCTCTGGTCAGTTGGGAGTCTGAGATGAAGCACTGTAGCTCAGGAAGAGAGAAGTTGTTCTGCAGCCATCAGCCTGGAA
hsa-mir-144,TGCTTCCTGTGCCCCCAGTGGGGCCCTGGCTGGGATATCATCATATACTGTAAGTTTGCGATGAGACACTACAGTATAGATGATGTACTAGTCCGGGCACCCCCAGCTCTGGAGCCTGACAAGGA
hsa-mir-145,AAGGCCACTCGCTCCCACCTTGTCCTCACGGTCCAGTTTTCCCAGGAATCCCTTAGATGCTAAGATGGGGATTCCTGGAAATACTGTTCTTGAGGTCATGGTTTCACAGCTGGATTTGCCTCCTT
hsa-mir-146a,TCTCTGAAAAGCCGATGTGTATCCTCAGCTTTGAGAACTGAATTCCATGGGTTGTGTCAGTGTCAGACCTCTGAAATTCAGTTCTTCAGCTGGGATATCTCTGTCATCGTGGGCTTGAGGACCTG
hsa-mir-146b,CAGGCTGAAAGAACTTTGGCCACCTGGCACTGAGAACTGAATTCCATAGGCTGTGAGCTCTAGCAATGCCCTGTGGACTCAGTTCTGGTGCCCGGCAGTGCTACAACATCAATGCCAAGGCCGTG
hsa-mir-147b,CTTTCTTCTGAAGAGTACTCTATAAATCTAGTGGAAACATTTCTGCACAAACTAGATTCTGGACACCAGTGTGCGGAAATGCTTCTGCTACATTTTTAGGGTTTGTCTACATTTTTTGGGCTCTG
hsa-mir-148a,GAGGAAGACAGCACGTTTGGTCTTTTGAGGCAAAGTTCTGAGACACTCCGACTCTGAGTATGATAGAAGTCAGTGCACTACAGAACTTTGTCTCTAGAGGCTGTGGTCGCCGATGCCGCCAGTGC
hsa-mir-148b,CATTTCCAAGCACGATTAGCATTTGAGGTGAAGTTCTGTTATACACTCAGGCTGTGGCTCTCTGAAAGTCAGTGCATCACAGAACTTTGTCTCGAAAGCTTTCTAGCAGCTACCCATTTTGGGAG
hsa-mir-149,GCCGGGGGCTCCCAGGCCGGCGCCCGAGCTCTGGCTCCGTGTCTTCACTCCCGTGCTTGTCCGAGGAGGGAGGGAGGGACGGGGGCTGTGCTGGGGCAGCTGGAACAACGCAGGTCGCCGGGCCG
hsa-mir-150,CGGCAGCGGCGGCTCCTCTCCCCATGGCCCTGTCTCCCAACCCTTGTACCAGTGCTGGGCTCAGACCCTGGTACAGGCCTGGGGGACAGGGACCTGGGGACCCCGGCACCGGCAGGCCCCAAGGG
hsa-mir-151a,GGGCAAAGATGACTAAAACACTTTTCCTGCCCTCGAGGAGCTCACAGTCTAGTATGTCTCATCCCCTACTAGACTGAAGCTCCTTGAGGACAGGGATGGTCATACTCACCTCGGTGTTGCCCAAA
hsa-mir-152,AGGAGGCTCGGCCCGCTGTCCCCCCCGGCCCAGGTTCTGTGATACACTCCGACTCGGGCTCTGGAGCAGTCAGTGCATGACAGAACTTGGGCCCGGAAGGACCTTCTGCACCCAACGGGCACAGC
hsa-mir-153-1,TCTTTCTCTCTCTCCCTCACAGCTGCCAGTGTCATTTTTGTGATCTGCAGCTAGTATTCTCACTCCAGTTGCATAGTCACAAAAGTGATCATTGGCAGGTGTGGCTGCTGCATGGACAGACAGGA
hsa-mir-153-2,TACCTTGCCAGCTAATTAGCGGTGGCCAGTGTCATTTTTGTGATGTTGCAGCTAGTAATATGAGCCCAGTTGCATAGTCACAAAAGTGATCATTGGAAACTGTGACTGTACTGCAGGGGCGATGT
hsa-mir-154,TGGGTCTGCGCTAGCGTGTGGTACTTGAAGATAGGTTATCCGTGTTGCCTTCGCTTTATTTGTGACGAATCATACACGGTTGACCTATTTTTCAGTACCAAATCCCGCCTTGGAGGGCTTCCTGG
hsa-mir-155,GCTGAAGGCTTGCTGTAGGCTGTATGCTGTTAATGCTAATCGTGATAGGGGTTTTTGCCTCCAACTGACTCCTACATATTAGCATTAACAGTGTATGATGCCTGTTACTAGCATTCACATGGAAC
hsa-mir-15a,GTTTAAAAAAAATAAAACCTTGGAGTAAAGTAGCAGCACATAATGGTTTGTGGATTTTGAAAAGGTGCAGGCCATATTGTGCTGCCTCAAAAATACAAGGATCTGATCTTCTGAAGAAAATATAT
hsa-mir-15b,ATCCTACATTTTTGAGGCCTTAAAGTACTGTAGCAGCACATCATGGTTTACATGCTACAGTCAAGATGCGAATCATTATTTGCTGCTCTAGAAATTTAAGGAAATTCATTCAAAACTATGTTTTC
hsa-mir-16-1,TCTTATGATAGCAATGTCAGCAGTGCCTTAGCAGCACGTAAATATTGGCGTTAAGATTCTAAAATTATCTCCAGTATTAACTGTGCTGCTGAAGTAAGGTTGACCATACTCTACAGTTGTGTTTT
hsa-mir-16-2,GGATGAACTGACATACTTGTTCCACTCTAGCAGCACGTAAATATTGGCGTAGTGAAATATATATTAAACACCAATATTACTGTGCTGCTTTAGTGTGACAGGGATACAGCAACTATTTTATCAAT
hsa-mir-17,ACTGAAGATTGTGACCAGTCAGAATAATGTCAAAGTGCTTACAGTGCAGGTAGTGATATGTGCATCTACTGCAGTGAAGGCACTTGTAGCATTATGGTGACAGCTGCCTCGGGAAGCCAAGTTGG
hsa-mir-181a-1,AGAATTCTGAGTTTTGAGGTTGCTTCAGTGAACATTCAACGCTGTCGGTGAGTTTGGAATTAAAATCAAAACCATCGACCGTTGATTGTACCCTATGGCTAACCATCATCTACTCCATGGTGCTC
hsa-mir-181a-2,TATCAGGCCAGCCTTCAGAGGACTCCAAGGAACATTCAACGCTGTCGGTGAGTTTGGGATTTGAAAAAACCACTGACCGTTGACTGTACCTTGGGGTCCTTACAGACGACACTACATTTCCTGAA
hsa-mir-181b-1,GCAGAGATTATTTTTTAAAAGGTCACAATCAACATTCATTGCTGTCGGTGGGTTGAACTGTGTGGACAAGCTCACTGAACAATGAATGCAACTGTGGCCCCGCTTTTTGCTGTCACAATCAACAG
hsa-mir-181b-2,CACCAACTGAAAACACTGATGGCTGCACTCAACATTCATTGCTGTCGGTGGGTTTGAGTCTGAATCAACTCACTGATCAATGAATGCAAACTGCGGACCAAACAACCCAAAGGAAGCAAAAGCAT
hsa-mir-181c,TCCCGGAAAATTTGCCAAGGGTTTGGGGGAACATTCAACCTGTCGGTGAGTTTGGGCAGCTCAGGCAAACCATCGACCGTTGAGTGGACCCTGAGGCCTGGAATTGCCATCCTCCTGCCGGTGAC
hsa-mir-181d,CCCCTAGGCCACAGCCGAGGTCACAATCAACATTCATTGTTGTCGGTGGGTTGTGAGGACTGAGGCCAGACCCACCGGGGGATGAATGTCACTGTGGCTGGGCCAGACACGGCTTAAGGGGAATG
hsa-mir-182,TGGGGGGAGCTGCTTGCCTCCCCCCGTTTTTGGCAATGGTAGAACTCACACTGGTGAGGTAACAGGATCCGGTGGTTCTAGACTTGCCAACTATGGGGCGAGGACTCAGCCGGCACCCTGTGCAC
hsa-mir-183,CAGGCCGCAGAGTGTGACTCCTGTTCTGTGTATGGCACTGGTAGAATTCACTGTGAACAGTCTCAGTCAGTGAATTACCGAAGGGCCATAAACAGAGCAGAGACAGATCCACGAGGGCCTCCGGA
hsa-mir-184,CAAAACTTCTTTGCCGGCCAGTCACGTCCCCTTATCACTTTTCCAGCCCAGCTTTGTGACTGTAAGTGTTGGACGGAGAACTGATAAGGGTAGGTGATTGACACTCACAGCCTCCGGAACCCCCG
hsa-mir-185,AGTGGGCCTGGCTCGAGCAGGGGGCGAGGGATTGGAGAGAAAGGCAGTTCCTGATGGTCCCCTCCCCAGGGGCTGGCTTTCCTCTGGTCCTTCCCTCCCAATGACCGCGTCTTCGTCGAGGCCAC
hsa-mir-186,CCAAACATTTTTTCATTGCTTGTAACTTTCCAAAGAATTCTCCTTTTGGGCTTTCTGGTTTTATTTTAAGCCCAAAGGTGAATTTTTTGGGAAGTTTGAGCTAAATTCCTTCAACCAAAATATAC
hsa-mir-187,TCGGGCTCACCATGACACAGTGTGAGACCTCGGGCTACAACACAGGACCCGGGCGCTGCTCTGACCCCTCGTGTCTTGTGTTGCAGCCGGAGGGACGCAGGTCCGCAGCAGAGCCTGCTCCGCTT
hsa-mir-188,AGAGCAAGCCCTTCCCTGCTCCCTCTCTCACATCCCTTGCATGGTGGAGGGTGAGCTTTCTGAAAACCCCTCCCACATGCAGGGTTTGCAGGATGGCGAGCCTCAGCTTTCCTTGCTCTCTTGTG
hsa-mir-18a,CCTGCTGATGTTGAGTGCTTTTTGTTCTAAGGTGCATCTAGTGCAGATAGTGAAGTAGATTAGCATCTACTGCCCTAAGTGCTCCTTCTGGCATAAGAAGTTATGTATTCATCCAATAATTCAAG
hsa-mir-18b,GCTGCTTCTTATAATGTGTCTCTTGTGTTAAGGTGCATCTAGTGCAGTTAGTGAAGCAGCTTAGAATCTACTGCCCTAAATGCCCCTTCTGGCACAGGCTGCCTAATATACAGCATTTTAAAAGT
hsa-mir-1908,TCCCGCAGTGTGATTTGGGGCCGGGAATGCCGCGGCGGGGACGGCGATTGGTCCGTATGTGTGGTGCCACCGGCCGCCGGCTCCGCCCCGGCCCCCGCCCCACACGCCGCATCACTTACAGGGCC
hsa-mir-190a,AACCTGGATGCCTTTTCTGCAGGCCTCTGTGTGATATGTTTGATATATTAGGTTGTTATTTAATCCAACTATATATCAAACATATTCCTACAGTGTCTTGCCCTGTCTCCGGGGGTTCCTAATAA
hsa-mir-190b,ACCCCCAAAGCTCTCCTGCCTGCTTCTGTGTGATATGTTTGATATTGGGTTGTTTAATTAGGAACCAACTAAATGTCAAACATATTCTTACAGCAGCAGGTGATTCAGCACCACCCTCTTTCATA
hsa-mir-191,CCGCCCCCCGCCAACGGCTGGACAGCGGGCAACGGAATCCCAAAAGCAGCTGTTGTCTCCAGAGCATTCCAGCTGCGCTTGGATTTCGTCCCCTGCTCTCCTGCCTGAGCAGCGCCCTGGCCCAG
hsa-mir-1911,GGGTATCCATCATCATTTGCTCGGCATCTGCTGAGTACCGCCATGTCTGTTGGGCATCCACAGTCTCCCACCAGGCATTGTGGTCTCCGCTGACGCTTTGCCATTTCGCCACCGGTGCCTTCCAT
hsa-mir-1913,CGTGGGCAGCGCAGTTGCAAACCTCTACCTCCCGGCAGAGGAGGCTGCAGAGGCTGGCTTTCCAAAACTCTGCCCCCTCCGCTGCTGCCAAGTGGCTGGTGTCAAGTCCCATCCCACGTGTCATT
hsa-mir-192,GGGCTGCCGAGACCGAGTGCACAGGGCTCTGACCTATGAATTGACAGCCAGTGCTCTCGTCTCCCCTCTGGCTGCCAATTCCATAGGTCACAGGTATGTTCGCCTCAATGCCAGCCACCAGGACC
hsa-mir-193a,CACCCCGAACTCCGAGGATGGGAGCTGAGGGCTGGGTCTTTGCGGGCGAGATGAGGGTGTCGGATCAACTGGCCTACAAAGTCCCAGTTCTCGGCCCCCGGGACCAGCGTCTTCTCCCCGGTCCT
hsa-mir-193b,AGAGGCTTTTGGAGGCTGTGGTCTCAGAATCGGGGTTTTGAGGGCGAGATGAGTTTATGTTTTATCCAACTGGCCCTCAAAGTCCCGCTTTTGGGGTCATTCTGGACAGCGAGGGACTCAGGCCC
hsa-mir-194-1,AATCTCCTTATATGTTTAATGGTGTTATCAAGTGTAACAGCAACTCCATGTGGACTGTGTACCAATTTCCAGTGGAGATGCTGTTACTTTTGATGGTTACCAACTTGCTACAATATAAAGGTATA
hsa-mir-194-2,AGGGCCCCGGTCTCCAATTGGTTCCCGCCCCCTGTAACAGCAACTCCATGTGGAAGTGCCCACTGGTTCCAGTGGGGCTGCTGTTATCTGGGGCGAGGGCCAGTACCCACGAAGAAGGAGAGGCA
hsa-mir-195,TTTGTTGCCCACACCCAGCTTCCCTGGCTCTAGCAGCACAGAAATATTGGCACAGGGAAGCGAGTCTGCCAATATTGGCTGTGCTGCTCCAGGCAGGGTGGTGAAAACTACCGAGGAGGGGCTGA
hsa-mir-196a-1,CTAGAGCTTGAATTGGAACTGCTGAGTGAATTAGGTAGTTTCATGTTGTTGGGCCTGGGTTTCTGAACACAACAACATTAAACCACCCGATTCACGGCAGTTACTGCTCCTTGCTTAGCTGGAGG
hsa-mir-196a-2,CCGCCCTGCTCGCTCAGCTGATCTGTGGCTTAGGTAGTTTCATGTTGTTGGGATTGAGTTTTGAACTCGGCAACAAGAAACTGCCTGAGTTACATCAGTCGGTTTTCGTCGAGGGCCCCAACCCA
hsa-mir-196b,TTCGCGGGCAGCACCAGAACTGGTCGGTGATTTAGGTAGTTTCCTGTTGTTGGGATCCACCTTTCTCTCGACAGCACGACACTGCCTTCATTACTTCAGTTGAAATCGTCTCCAGGTACCTCTGC
hsa-mir-197,TTCTGGAATCTGTGCTCTGGGGGCTGTGCCGGGTAGAGAGGGCAGTGGGAGGTAAGAGCTCTTCACCCTTCACCACCTTCTCCACCCAGCATGGCCGGCACACTTTGGTCTACGGCACATCTCCA
hsa-mir-199a-1,TCTGCAGGATGGATAGCCGGCCCCGCCAACCCAGTGTTCAGACTACCTGTTCAGGAGGCTCTCAATGTGTACAGTAGTCTGCACATTGGTTAGGCTGGGCTTGGGTGAGCGGCTCGTCGAGACAG
hsa-mir-199a-2,AGGAAGCTTCTGGAGATCCTGCTCCGTCGCCCCAGTGTTCAGACTACCTGTTCAGGACAATGCCGTTGTACAGTAGTCTGCACATTGGTTAGACTGGGCAAGGGAGAGCAACGCCATGGACCGCT
hsa-mir-199b,ATGGACCAGAGGACACCTCCACTCCGTCTACCCAGTGTTTAGACTATCTGTTCAGGACTCCCAAATTGTACAGTAGTCTGCACATTGGTTAGGCTGGGCTGGGTTAGACCCTCGGCACCGCCGCC
hsa-mir-19a,TTTTAATAGTTTTTGTTTGCAGTCCTCTGTTAGTTTTGCATAGTTGCACTACAAGAAGAATGTAGTTGTGCAAATCTATGCAAAACTGATGGTGGCCTGCTATTTCCTTCAAATGAATGATTTTT
hsa-mir-19b-1,GTCCTGTTACTGAACACTGTTCTATGGTTAGTTTTGCAGGTTTGCATCCAGCTGTGTGATATTCTGCTGTGCAAATCCATGCAAAACTGACTGTGGTAGTGAAAAGTCTGTAGAAAAGTAAGGGA
hsa-mir-19b-2,ATATTCAAAGACATTGCTACTTACAATTAGTTTTGCAGGTTTGCATTTCAGCGTATATATGTATATGTGGCTGTGCAAATCCATGCAAAACTGATTGTGATAATGTGTGCTTCCTACGTCTGTGT
hsa-mir-200a,GACCCCACGTCCCTCCCGGGCCCCTGTGAGCATCTTACCGGACAGTGCTGGATTTCCCAGCTTGACTCTAACACTGTCTGGTAACGATGTTCAAAGGTGACCCGCCGCTCGCCGGGGACACCACC
hsa-mir-200b,GGCCCCCGGACCCAGCTCGGGCAGCCGTGGCCATCTTACTGGGCAGCATTGGATGGAGTCAGGTCTCTAATACTGCCTGGTAATGATGACGGCGGAGCCCTGCACGCAGCGACCGGCCGACCCCG
hsa-mir-200c,CCAAGGTGGGCGGGCTGGGCGGGGGCCCTCGTCTTACCCAGCAGTGTTTGGGTGCGGTTGGGAGTCTCTAATACTGCCGGGTAATGATGGAGGCCCCTGTCCCTGTGTCAGCAACATCCATCGCC
hsa-mir-202,CCGGCCCGCCTCAGAGCCGCCCGCCGTTCCTTTTTCCTATGCATATACTTCTTTGAGGATCTGGCCTAAAGAGGTATAGGGCATGGGAAAACGGGGCGGTCGGGTCCTCCCCAGCGGCACCTGCA
hsa-mir-203a,GACGGTGTTGGGGACTCGCGCGCTGGGTCCAGTGGTTCTTAACAGTTCAACAGTTCTGTAGCGCAATTGTGAAATGTTTAGGACCACTAGACCCGGCGGGCGCGGCGACAGCGACGGAGCGTCCC
hsa-mir-204,GCTACAGTCTTTCTTCATGTGACTCGTGGACTTCCCTTTGTCATCCTATGCCTGAGAATATATGAAGGAGGCTGGGAAGGCAAAGGGACGTTCAATTGTCATCACTGGCATCTTTTTTGATCATT
hsa-mir-205,AGATCCTCAGACAATCCATGTGCTTCTCTTGTCCTTCATTCCACCGGAGTCTGTCTCATACCCAACCAGATTTCAGTGGAGTGAAGTTCAGGAGGCATGGAGCTGACAACCATGAGGCCTCGGCA
hsa-mir-206,TGCTTCTGGATGACACTGCTTCCCGAGGCCACATGCTTCTTTATATCCCCATATGGATTACTTTGCTATGGAATGTAAGGAAGTGTGTGGTTTCGGCAAGTGCCTCCTCGCTGGCCCCAGGGTAC
hsa-mir-208a,TGGCTGGCCCTGACCCACTTCCTGTGACGGGCGAGCTTTTGGCCCGGGTTATACCTGATGCTCACGTATAAGACGAGCAAAAAGCTTGTTGGTCAGAGGAGCTACCGTCGATCAGCCTGTGTGGG
hsa-mir-208b,TGCCCCGGCCCCACCTCCTTCTCCTCTCAGGGAAGCTTTTTGCTCGAATTATGTTTCTGATCCGAATATAAGACGAACAAAAGGTTTGTCTGAGGGCAGAGTGCTTCCGTCTGGGGCAGGGCACT
hsa-mir-20a,GTCTATCTGATGTGACAGCTTCTGTAGCACTAAAGTGCTTATAGTGCAGGTAGTGTTTAGTTATCTACTGCATTATGAGCACTTAAAGTACTGCTAGCTGTAGAACTCCAGCTTCGGCCTGTCGC
hsa-mir-20b,TACAGAGGATAAGATTGGGTCCTAGTAGTACCAAAGTGCTCATAGTGCAGGTAGTTTTGGCATGACTCTACTGTAGTATGGGCACTTCCAGTACTCTTGGATAACAAATCTCTTGTTGATGGAGA
hsa-mir-21,ACATCTCCATGGCTGTACCACCTTGTCGGGTAGCTTATCAGACTGATGTTGACTGTTGAATCTCATGGCAACACCAGTCGATGGGCTGTCTGACATTTTGGTATCTTTCATCTGACCATCCATAT
hsa-mir-210,GCCCACCCGGCAGTGCCTCCAGGCGCAGGGCAGCCCCTGCCCACCGCACACTGCGCTGCCCCAGACCCACTGTGCGTGTGACAGCGGCTGATCTGTGCCTGGGCAGCGCGACCCTCCTGGCCCCG
hsa-mir-211,CCCCATTTCACCTGGCCATGTGACTTGTGGGCTTCCCTTTGTCATCCTTCGCCTAGGGCTCTGAGCAGGGCAGGGACAGCAAAGGGGTGCTCAGTTGTCACTTCCCACAGCACGGAGCTTCGAGG
hsa-mir-2114,GGCCAAAGACAGGCCTCTGCCTCCATGCTCCTAGTCCCTTCCTTGAAGCGGTCGGATAATCACATGACGAGCCTCAAGCAAGGGACTTCAAGCTGGTGGCTTCCAGCAGCTAGCTTCCTGCTTCC
hsa-mir-2115,TCAGCATTTTGACTGTCATCCCACTGCTTCCAGCTTCCATGACTCCTGATGGAGGAATCACATGAATTCATCAGAATTCATGGAGGCTAGAAGCAGTATGAGGATCATTTACATGTGATATTCAC
hsa-mir-2116,GCATCTCCTCCGTCAGTGGGACCTAGGCTAGGGGTTCTTAGCATAGGAGGTCTTCCCATGCTAAGAAGTCCTCCCATGCCAAGAACTCCCAGACTAGGAGTCCTCCCATGCTAAGTCCTCCCGAA
hsa-mir-212,CGGGGCACCCCGCCCGGACAGCGCGCCGGCACCTTGGCTCTAGACTGCTTACTGCCCGGGCCGCCCTCAGTAACAGTCTCCAGTCACGGCCACCGACGCCTGGCCCCGCCCCAGGACCGCGGCCC
hsa-mir-214,GGCCTGGCTGGACAGAGTTGTCATGTGTCTGCCTGTCTACACTTGCTGTGCAGAACATCCGCTCACCTGTACAGCAGGCACAGACAGGCAGTCACATGACAACCCAGCCTGAATGACAACCAGCC
hsa-mir-215,AAGTCATCATTCAGAAATGGTATACAGGAAAATGACCTATGAATTGACAGACAATATAGCTGAGTTTGTCTGTCATTTCTTTAGGCCAATATTCTGTATGACTGTGCTACTTCAATATCAGAAAT
hsa-mir-216a,AGGTCTAACACGGATGGCTGTGAGTTGGCTTAATCTCAGCTGGCAACTGTGAGATGTTCATACAATCCCTCACAGTGGTCTCTGGGATTATGCTAAACAGAGCAATTTCCTAGCCCTCACGAATC
hsa-mir-216b,TTAAGTACAACTTCAAAGTGGCAGACTGGAAAATCTCTGCAGGCAAATGTGATGTCACTGAGGAAATCACACACTTACCCGTAGAGATTCTACAGTCTGACATCTTCAAGCATCGAACCATTTCA
hsa-mir-217,ATAATTATTACATAGTTTTTGATGTCGCAGATACTGCATCAGGAACTGATTGGATAAGAATCAGTCACCATCAGTTCCTAATGCATTGCCTTCAGCATCTAAACAAGCACCAGTAAATACCTCAA
hsa-mir-218-1,TGTAGTGATAATGTAGCGAGATTTTCTGTTGTGCTTGATCTAACCATGTGGTTGCGAGGTATGAGTAAAACATGGTTCCGTCAAGCACCATGGAACGTCACGCAGCTTTCTACAGCATGACAAGC
hsa-mir-218-2,ACTCTGACCAGTCGCTGCGGGGCTTTCCTTTGTGCTTGATCTAACCATGTGGTGGAACGATGGAAACGGAACATGGTTCTGTCAAGCACCGCGGAAAGCACCGTGCTCTCCTGCAGCATGGCCCG
hsa-mir-219a-1,TCCCTTCCCCGCCCCGGGCCGCGGCTCCTGATTGTCCAAACGCAATTCTCGAGTCTATGGCTCCGGCCGAGAGTTGAGTCTGGACGTCCCGAGCCGCCGCCCCCAAACCTCGAGCGGGAGAGCGG
hsa-mir-219a-2,AGGGCCCTGAACTCAGGGGCTTCGCCACTGATTGTCCAAACGCAATTCTTGTACGAGTCTGCGGCCAACCGAGAATTGTGGCTGGACATCTGTGGCTGAGCTCCGGGCGCAACAGGGGCGGGGGC
hsa-mir-22,CTCTCACGCCCTCACCTGGCTGAGCCGCAGTAGTTCTTCAGTGGCAAGCTTTATGTCCTGACCCAGCTAAAGCTGCCAGTTGAAGAACTGTTGCCCTCTGCCCCTGGCTTCGAGGAGGAGGAGGA
hsa-mir-221,CAAGCTGAACATCCAGGTCTGGGGCATGAACCTGGCATACAATGTAGATTTCTGTGTTCGTTAGGCAACAGCTACATTGTCTGCTGGGTTTCAGGCTACCTGGAAACATGTTCTCCATTGGCTGT
hsa-mir-222,AGCTGCTGGAAGGTGTAGGTACCCTCAATGGCTCAGTAGCCAGTGTAGATCCTGTCTTTCGTAATCAGCAGCTACATCTGGCTACTGGGTCTCTGATGGCATCTTCTAGCTTCTGCTTCAGTGTC
hsa-mir-223,TGGCCTGGCCTCCTGCAGTGCCACGCTCCGTGTATTTGACAAGCTGAGTTGGACACTCCATGTGGTAGAGTGTCAGTTTGTCAAATACCCCAAGTGCGGCACATGCTTACCAGCTCTAGGCCAGG
hsa-mir-224,ACAGAGAAGATAAGGCCCAGGGGCTTTCAAGTCACTAGTGGTTCCGTTTAGTAGATGATTGTGCATTGTTTCAAAATGGTGCCCTAGTGACTACAAAGCCCCAGAGCCAGCATCATCATCAAAGC
hsa-mir-2277,GGTTCACTGGTCGTGCTTCCTGCGGGCTGAGCGCGGGCTGAGCGCTGCCAGTCAGCGCTCACATTAAGGCTGACAGCGCCCTGCCTGGCTCGGCCGGCGAAGCTCTAATTGCCCTGAAGGAGACC
hsa-mir-2278,CCCAGCTGATTGTGCTGCAGGTGTTGGAGAGCAGTGTGTGTTGCCTGGGGACTGTGTGGACTGGTATCACCCAGACAGCTTGCACTGACTCCAGACCCTGCCGTCATGTCACAGGTAAGAAGGTC
hsa-mir-2355,CATAGAAAATAACATTGTCAGACGTGTCATCCCCAGATACAATGGACAATATGCTATTATAATCGTATGGCATTGTCCTTGCTGTTTGGAGATAATACTGCTGACTTTATTCCTCTCATACATGT
hsa-mir-23a,TGCCCCCCTCACCCCTGTGCCACGGCCGGCTGGGGTTCCTGGGGATGGGATTTGCTTCCTGTCACAAATCACATTGCCAGGGATTTCCAACCGACCCTGAGCTCTGCCACCGAGGATGCTGCCCG
hsa-mir-23b,TGGCGCTGCTCTCAGGTGCTCTGGCTGCTTGGGTTCCTGGCATGCTGATTTGTGACTTAAGATTAAAATCACATTGCCAGGGATTACCACGCAACCACGACCTTGGCTGCTCCTCCAGAAACCGT
hsa-mir-24-1,CTCCGGGCTGTCGATTGGACCCGCCCTCCGGTGCCTACTGAGCTGATATCAGTTCTCATTTTACACACTGGCTCAGTTCAGCAGGAACAGGAGTCGAGCCCTTGAGCAAAAAGCCTTCGTGTCTG
hsa-mir-24-2,TGCTGCCTGGCCTCCCTGGGCTCTGCCTCCCGTGCCTACTGAGCTGAAACACAGTTGGTTTGTGTACACTGGCTCAGTTCAGCAGGAACAGGGGTCAAGCCCCCTTGGAGCCTGCAGCCCCTGCC
hsa-mir-2467,GGCCACTGGACAGACGCTTGGACAGGCACCTGAGGCTCTGTTAGCCTTGGCTCTGGGTCCTGCTCCTTAGAGCAGAGGCAGAGAGGCTCAGGGTCTGTCTGGGTCACTCTCTTTGAGATTGCCGG
hsa-mir-25,CAGCTGAACTCCGGGACTGGCCAGTGTTGAGAGGCGGAGACTTGGGCAATTGCTGGACGCTGCCCTGGGCATTGCACTTGTCTCGGTCTGACAGTGCCGGCCCAACACTGCGGATGCTGGGGGGA
hsa-mir-2681,ATGCTCTCTGCCCCCTTTTCACGCATTTGTGTTTTACCACCTCCAGGAGACTGCCCAAAGACTCTTCAGTATCATGGAGTTGGTAAAGCACAGATGCATGAATAATTCAACGTGTAAGCTATCTA
hsa-mir-26a-1,CCAAGGCCCTGGCGAAGGCCGTGGCCTCGTTCAAGTAATCCAGGATAGGCTGTGCAGGTCCCAATGGGCCTATTCTTGGTTACTTGCACGGGGACGCGGGCCTGGACGCCGGCATCCGGGCTCAG
hsa-mir-26a-2,ACAGAAAGCTCCCATAGAGGCTGTGGCTGGATTCAAGTAATCCAGGATAGGCTGTTTCCATCTGTGAGGCCTATTCTTGATTACTTGTTTCTGGAGGCAGCTGATGGTCCGCCGCCGGAAACAGA
hsa-mir-26b,GCTCCCTCGCCCCACCCTGCCCGGGACCCAGTTCAAGTAATTCAGGATAGGTTGTGTGCTGTCCAGCCTGTTCTCCATTACTTGGCTCGGGGACCGGTGCCCTGCAGCCTTGGGGTGAGGGGGCT
hsa-mir-27a,GCCCCGAAGCCTGTGCCTGGCCTGAGGAGCAGGGCTTAGCTGCTTGTGAGCAGGGTCCACACCAAGTCGTGTTCACAGTGGCTAAGTTCCGCCCCCCAGGCCCTCACCTCCTCTGGCCTTGCCGC
hsa-mir-27b,CCCAGCGATGACCTCTCTAACAAGGTGCAGAGCTTAGCTGATTGGTGAACAGTGATTGGTTTCCGCTTTGTTCACAGTGGCTAAGTTCTGCACCTGAAGAGAAGGTGAGATGGGGACAGTTAAGT
hsa-mir-28,AGAAAAAATTTAAAATGGTCCTTGCCCTCAAGGAGCTCACAGTCTATTGAGTTACCTTTCTGACTTTCCCACTAGATTGTGAGCTCCTGGAGGGCAGGCACTTTCGTTCATCTGAAAAAGAGCTT
hsa-mir-296,CATGTGGGAGGTGAGGAGAAAGGACCCTTCCAGAGGGCCCCCCCTCAATCCTGTTGTGCCTAATTCAGAGGGTTGGGTGGAGGCTCTCCTGAAGGGCTCTGAAGAGCGCTGCACCCGCAGCTGTG
hsa-mir-299,ACCACCACCACCATCGTGCGGTACTTGAAGAAATGGTTTACCGTCCCACATACATTTTGAATATGTATGTGGGATGGTAAACCGCTTCTTGGTATCCAGCCCAGCCATCCAAACCTCCCTGGAGA
hsa-mir-29a,CTCACGACCTTCTGTGACCCCTTAGAGGATGACTGATTTCTTTTGGTGTTCAGAGTCAATATAATTTTCTAGCACCATCTGAAATCGGTTATAATGATTGGGGAAGAGCACCATGATGCTGACTG
hsa-mir-29b-1,AAAAATAGATCATAAAGCTTCTTCAGGAAGCTGGTTTCATATGGTGGTTTAGATTTAAATAGTGATTGTCTAGCACCATTTGAAATCAGTGTTCTTGGGGGAGACCAGCTGCGCTGCACTACCAA
hsa-mir-29b-2,TCTTCATTGAGATCCTCTTCTTCTGGAAGCTGGTTTCACATGGTGGCTTAGATTTTTCCATCTTTGTATCTAGCACCATTTGAAATCAGTGTTTTAGGAGTAAGAATTGCAGCACAGCCAAGGGT
hsa-mir-29c,GGAGCACCACTGGCCCATCTCTTACACAGGCTGACCGATTTCTCCTGGTGTTCAGAGTCTGTTTTTGTCTAGCACCATTTGAAATCGGTTATGATGTAGGGGGAAAAGCAGCAGCCTCGAAGCCT
hsa-mir-301a,TTCCTTTCCTACTTATTACTGCTAACGAATGCTCTGACTTTATTGCACTACTGTACTTTACAGCTAGCAGTGCAATAGTATTGTCAAAGCATCTGAAAGCAGGATGCACGCCAGAATTTTGATTC
hsa-mir-301b,GTGGTGGGGTCCCCCCTGCTGGCCGCAGGTGCTCTGACGAGGTTGCACTACTGTGCTCTGAGAAGCAGTGCAATGATATTGTCAAAGCATCTGGGACCAGCCTTGGGGATCTCCCTCCCTATAAC
hsa-mir-302a,CTAACTTTTTCCAAGACTGGGCTCCCCACCACTTAAACGTGGATGTACTTGCTTTGAAACTAAAGAAGTAAGTGCTTCCATGTTTTGGTGATGGTAAGTCTTCCTTTTACATTTTTATTATTTTT
hsa-mir-302b,AAGAAGTTGTATGTTGGGTGGGCTCCCTTCAACTTTAACATGGAAGTGCTTTCTGTGACTTTAAAAGTAAGTGCTTCCATGTTTTAGTAGGAGTGAATCCAATTTACTTCTCCAAAATAGAACAC
hsa-mir-302c,ACGCTAACCTCATTTGAAGGGATCCCCTTTGCTTTAACATGGGGGTACCTGCTGTGTGAAACAAAAGTAAGTGCTTCCATGTTTCAGTGGAGGTGTCTCCAAGCCAGCACACCTTTTGTTACAAA
hsa-mir-302d,TATTTTTACATCTGTTAAGGGGCCCCCTCTACTTTAACATGGAGGCACTTGCTGTGACATGACAAAAATAAGTGCTTCCATGTTTGAGTGTGGTGGTTCCTACCTAATCAGCAATTGCGTTAACG
hsa-mir-30a,AAGGTATATTGCTGTTGACAGTGAGCGACTGTAAACATCCTCGACTGGAAGCTGTGAAGCCACAGATGGGCTTTCAGTCGGATGTTTGCAGCTGCCTACTGCCTCGGACTTCAAGGGGCTACTTT
hsa-mir-30b,TAAGTCCTGCTTTAAACCAAGTTTCAGTTCATGTAAACATCCTACACTCAGCTGTAATACATGGATTGGCTGGGAGGTGGATGTTTACTTCAGCTGACTTGGAATGTCAACCAATTAACATTGAT
hsa-mir-30c-1,CCTGTGGGCTATAACCATGCTGTAGTGTGTGTAAACATCCTACACTCTCAGCTGTGAGCTCAAGGTGGCTGGGAGAGGGTTGTTTACTCCTTCTGCCATGGAAAACATCAGCTGAAGAAGGAACA
hsa-mir-30c-2,CCATCCTAGAGAGCACTGAGCGACAGATACTGTAAACATCCTACACTCTCAGCTGTGGAAAGTAAGAAAGCTGGGAGAAGGCTGTTTACTCTTTCTGCCTTGGAAGTCAACTAAAGAGAAATGGA
hsa-mir-30d,CTTAAATTTCTTGTTCAGAAAGTCTGTTGTTGTAAACATCCCCGACTGGAAGCTGTAAGACACAGCTAAGCTTTCAGTCAGATGTTTGCTGCTACCGGCTATTCACAGACATCCTCTTGATATAA
hsa-mir-30e,TCCGTTCTTTCTGGGCAGTCTTTGCTACTGTAAACATCCTTGACTGGAAGCTGTAAGGTGTTCAGAGGAGCTTTCAGTCGGATGTTTACAGCGGCAGGCTGCCACGGTCGTCCCCAGCTACGCAC
hsa-mir-31,AGTATTCTCCTGTAACTTGGAACTGGAGAGGAGGCAAGATGCTGGCATAGCTGTTGAACTGGGAACCTGCTATGCCAACATATTGCCATCTTTCCTGTCTGACAGCAGCCATGGCCACCTGCATG
hsa-mir-3121,AACCTTGTCTTATTGCTTCTTAAATGGTTATGTCCTTTGCCTATTCTATTTAAGACACCCTGTACCTTAAATAGAGTAGGCAAAGGACAGAAACATTTTAAGTTCTCTAACACAGCAGTCCCCAC
hsa-mir-3126,TTGACCAGGAGAGATGGGGAAGATGATTATATGAGGGACAGATGCCAGAAGCACTGGTTATGATTTGCATCTGGCATCCGTCACACAGATAATTATTTATTCCACATCTGCAGTGATAACTGTCA
hsa-mir-3127,ACTGAGGTGGGCCCCTAGGCTGGCCAGGCCCATCAGGGCTTGTGGAATGGGAAGGAGAAGGGACGCTTCCCCTTCTGCAGGCCTGCTGGGTGTGGCTGGACCCCTCGTGTGCTCACCCACTCTGA
hsa-mir-3140,GCCTACCATTTATGTCCTCTTGAGGTACCTGAATTACCAAAAGCTTTATGTATTCTGAAGTTATTGAAAATAAGAGCTTTTGGGAATTCAGGTAGTTCAGGAGTGACTTTTCTAAAAAACAGAAC
hsa-mir-3144,CAGGAAAACATCAGACTGAAACTACACTTTAAGGGGACCAAAGAGATATATAGATATCAGCTACCTATATACCTGTTCGGTCTCTTTAAAGTGTAGTTTAACTGATTTTTTAATGGATATATACA
hsa-mir-3145,GAAAAAAAATGTATTTGTTTATATGAGTTCAACTCCAAACACTCAAAACTCATTGTTGAATGGAATGAGATATTTTGAGTGTTTGGAATTGAACTCGTATACACTGATACACCGATACCAGTCAA
hsa-mir-3146,CAGAGATACACATTTTCTTTGCTAAGTCCCTTCTTTCTATCCTAGTATAACTTGAAGAATTCAAATAGTCATGCTAGGATAGAAAGAATGGGACTTGGCCAGGGAAGAAGAGTTGATTTACTGCT
hsa-mir-3150b,AGAAGTTGTAAGAAAAGGAGGGAAAGCAGGCCAACCTCGAGGATCTCCCCAGCCTTGGCGTTCAGGTGCTGAGGAGATCGTCGAGGTTGGCCTGCTTCCCCTCACTCCTCGGGCCTTGCTCTTCC
hsa-mir-3163,CCTTAGCTTCTTCAAGCCTTGGTTTCCTCATCTATAAAATGAGGGCAGTAAGACCTTCCTTCCTTGTCTTACTACCCCCATTTTATAGATGAGGAAACCAACCAGTGGGGGCTGTTGGGTAGAGA
hsa-mir-3164,CAGTGCTATCCACAGGTTCTTGGAAACTGTGACTTTAAGGGAAATGGCGCACAGCAGACCCTGCAATCATGCCGTTTTGCTTGAAGTCGCAGTTTCCCAGGACCTCTCACGTGAGTATATACATG
hsa-mir-3171,ATATGTGTGTAAATATTTATGCATATATATAGAGATGTATGGAATCTGTATATATCTATATATATGTGTATATATAGATTCCATAAATCTATATATGTATGTGTGTATATATATGTAAATACATA
hsa-mir-3173,TGAGTCTTTGTTGGTCTTGGGCCAGCTTCCCTGCCCTGCCTGTTTTCTCCTTTGTGATTTTATGAGAACAAAGGAGGAAATAGGCAGGCCAGGGAAACGATCTCTCTCCCTCTCTTGTGCCGAGG
hsa-mir-3174,TGGACCAGCATCAGCGTTACCTGGTAGTGAGTTAGAGATGCAGAGCCCTGGGCTCCTCAGCAAACCTACTGGATCTGCATTTTAATTCACATGCATGGTAATGTCTGTAAAGCACTGATGGACTC
hsa-mir-3179-1,GAGTCACCACGCCCAGCCAGGATCACAGACGTTTAAATTACACTCCTTCTGCTGTGCCTTACAGCAGTAGAAGGGGTGAAATTTAAACGTCTGTGATCCTGGGGTTGTTGAAGATGCCACCCATC
hsa-mir-3179-2,GAGTCACCACGCCCAGCCAGGATCACAGACGTTTAAATTACACTCCTTCTGCTGTGCCTTACAGCAGTAGAAGGGGTGAAATTTAAACGTCTGTGATCCTGGGGTTGTTGAAGATGCCACCCATC
hsa-mir-3179-3,AGAGTCACCACGCCCAGCCAGGATCACAGACGTTTAAATTACACTCCTTCTGCTGTGCCTTACAGCAGTAGAAGGGGTGAAATTTAAACGTCTGTGATCCTGGGGTTGTTGAAGATGCCACCCAT
hsa-mir-3179-4,AGAGTCACCACGCCCAGCCAGGATCACAGACGTTTAAATTACACTCCTTCTGCTGTGCCTTACAGCAGTAGAAGGGGTGAAATTTAAACGTCTGTGATCCTGGGGTTGTTGAAGATGCCACCCAT
hsa-mir-3180-1,GCCGACTCTACAGTGCGACGGGCGGAGCTTCCAGACGCTCCGCCCCACGTCGCATGCGCCCCGGGAAAGCGTGGGGCGGAGCTTCCGGAGGCCCCGCCCTGCTGCCGACCCTGTGGAGCGGAGGG
hsa-mir-3180-2,GCCGACTCTACAGTGCGACGGGCGGAGCTTCCAGACGCTCCGCCCCACGTCGCATGCGCCCCGGGAAAGCGTGGGGCGGAGCTTCCGGAGGCCCCGCCCTGCTGCCGACCCTGTGGAGCGGAGGG
hsa-mir-3180-3,GGCCGACTCTACAGTGCGACGGGCGGAGCTTCCAGACGCTCCGCCCCACGTCGCATGCGCCCCGGGAAAGCGTGGGGCGGAGCTTCCGGAGGCCCCGCCCTGCTGCCGACCCTGTGGAGCGGAGG
hsa-mir-3186,TTGAATGCTGTGGCTCAAGCCTGCGGTTCCAACAGGCGTCTGTCTACGTGGCTTCAACCAAGTTCAAAGTCACGCGGAGAGATGGCTTTGGAACCAGGGGCTTCAGCACCTGGGCATCACTCCAT
hsa-mir-3187,GCGCGGGGTCGTCCAGCGAGGGCGCGCTGGCCCTGGGCAGCGTGTGGCTGAAGGTCACCATGTTCTCCTTGGCCATGGGGCTGCGCGGGGCCAGCAGGTCCACGTCCACGCTGGCGCGCTTCAGG
hsa-mir-3194,GTGTAGAGAGGCATTAAGAACGCAGGTGGCAGGGCCAGCCACCAGGAGGGCTGCGTGCCACCCGGGCAGCTCTGCTGCTCACTGGCAGTGTCACCTGCGGAAACTCTCCATCATCTATCCCCTGA
hsa-mir-32,ATGCTCCCATTCTGCTTGCTCTGGTGGAGATATTGCACATTACTAAGTTGCATGTTGTCACGGCCTCAATGCAATTTAGTGTGTGTGATATTTTCACATGAGTGCATGCACACGGGTATGGCTCT
hsa-mir-3200,GAGAGACAAAGAAGGAGGTGGTCGAGGGAATCTGAGAAGGCGCACAAGGTTTGTGTCCAATACAGTCCACACCTTGCGCTACTCAGGTCTGCTCGTGCCCTCCCATGATATCAGCTCTCCTACTT
hsa-mir-323a,GTCAGTACGGCTGCTGCTTGGTACTTGGAGAGAGGTGGTCCGTGGCGCGTTCGCTTTATTTATGGCGCACATTACACGGTCGACCTCTTTGCAGTATCTAATCCCGCCTTGCAAGCTTTCCTGGA
hsa-mir-323b,CGAGCAGTGCCACCTCATGGTACTCGGAGGGAGGTTGTCCGTGGTGAGTTCGCATTATTTAATGATGCCCAATACACGGTCGACCTCTTTTCGGTATCAGATCTCACCAGGTGTCTTCTTGGACC
hsa-mir-324,TCTTCGCAGAAGCTGAGCTGACTATGCCTCCCCGCATCCCCTAGGGCATTGGTGTAAAGCTGGAGACCCACTGCCCCAGGTGCTGCTGGGGGTTGTAGTCTGACCCGACTGGGAAGAAAGCCCCA
hsa-mir-325,CAAGTCCACAGAACCAATACAGTGCTTGGTTCCTAGTAGGTGTCCAGTAAGTGTTTGTGACATAATTTGTTTATTGAGGACCTCCTATCAATCAAGCACTGTGCTAGGCTCTGGGACTACATAGA
hsa-mir-326,GTCTTCCGGAGCCTCATCTGTCTGTTGGGCTGGAGGCAGGGCCTTTGTGAAGGCGGGTGGTGCTCAGATCGCCTCTGGGCCCTTCCTCCAGCCCCGAGGCGGATTCACCATGAGGCTGATGCAGC
hsa-mir-328,AAGTCCTGGGCTGTCTCAGAGCCTGGAGTGGGGGGGCAGGAGGGGCTCAGGGAGAAAGTGCATACAGCCCCTGGCCCTCTCTGCCCTTCCGTCCCCTGCTCTTGGCCATGCTGTGCCCAGTCCAG
hsa-mir-329-1,TTGTCAGTGTTAATCAGTGGTACCTGAAGAGAGGTTTTCTGGGTTTCTGTTTCTTTAATGAGGACGAAACACACCTGGTTAACCTCTTTTCCAGTATCAAATCCCATCTTGGAGGCCTTCTGGTC
hsa-mir-329-2,TTGTCAGTGTTACTTGGTGGTACCTGAAGAGAGGTTTTCTGGGTTTCTGTTTCTTTATTGAGGACGAAACACACCTGGTTAACCTCTTTTCCAGTATCAAATCCCATCTTGGAGGCCTTCTGGTC
hsa-mir-330,GTGCTGTGTGATCTTTGGCGATCACTGCCTCTCTGGGCCTGTGTCTTAGGCTCTGCAAGATCAACCGAGCAAAGCACACGGCCTGCAGAGAGGCAGCGCTCTGCCCCTTACTCGGCCCCGTTTTC
hsa-mir-331,TCCCAAGGAGTTTGGTTTTGTTTGGGTTTGTTCTAGGTATGGTCCCAGGGATCCCAGATCAAACCAGGCCCCTGGGCCTATCCTAGAACCAACCTAAGCTCGCGCATCATTCCTGGAACATCAAG
hsa-mir-335,CAGATTGGAAATGATTTGTTTTGAGCGGGGGTCAAGAGCAATAACGAAAAATGTTTGTCATAAACCGTTTTTCATTATTGCTCCTGACCTCCTCTCATTTGCTATATTCAATTAAGTAAGTATAC
hsa-mir-337,TGCGGCCCGTAGTCAGTAGTTGGGGGGTGGGAACGGCTTCATACAGGAGTTGATGCACAGTTATCCAGCTCCTATATGATGCCTTTCTTCATCCCCTTCAACCACGCGCAGCCCCCGGACCCTCC
hsa-mir-338,CAGCCCCAGACGCCGCACGGCTGTCCTCTCCAACAATATCCTGGTGCTGAGTGATGACTCAGGCGACTCCAGCATCAGTGATTTTGTTGAAGAGGGCAGCTGCCAGCCTCCCGACCTGCCTGCCG
hsa-mir-339,TCCTGTGCTCCGCAGGGGCGGGGCGGCCGCTCTCCCTGTCCTCCAGGAGCTCACGTGTGCCTGCCTGTGAGCGCCTCGACGACAGAGCCGGCGCCTGCCCCAGTGTCTGCGCCGGGACCATGGAG
hsa-mir-33a,GGCCGCATACCTCCTGGCGGGCAGCTGTGGTGCATTGTAGTTGCATTGCATGTTCTGGTGGTACCCATGCAATGTTTCCACAGTGCATCACAGAGGCCTGCCTGGCCCTCGAGAGACTGCCCTGA
hsa-mir-33b,GTGGGGGCCGAGAGAGGCGGGCGGCCCCGCGGTGCATTGCTGTTGCATTGCACGTGTGTGAGGCGGGTGCAGTGCCTCGGCAGTGCAGCCCGGAGCCGGCCCCTGGCACCACGGGCCCCCATCCT
hsa-mir-340,TTTCTAAAACCGTTTGTACCTGGTGTGATTATAAAGCAATGAGACTGATTGTCATATGTCGTTTGTGGGATCCGTCTCAGTTACTTTATAGCCATACCTGGTATCTTATACCACAGATCATGGCC
hsa-mir-342,CCAACCTGTGAAACTGGGCTCAAGGTGAGGGGTGCTATCTGTGATTGAGGGACATGGTTAATGGAATTGTCTCACACAGAAATCGCACCCGTCACCTTGGCCTACTTATCACCACCCCAAACAGA
hsa-mir-345,AATGTTAAGCAGAGACCCAAACCCTAGGTCTGCTGACTCCTAGTCCAGGGCTCGTGATGGCTGGTGGGCCCTGAACGAGGGGTCTGGAGGCCTGGGTTTGAATATCGACAGCCTCTCTGACCCAC
hsa-mir-346,GAGCGTGTGGGAGGTCTCTGTGTTGGGCGTCTGTCTGCCCGCATGCCTGCCTCTCTGTTGCTCTGAAGGAGGCAGGGGCTGGGCCTGCAGCTGCCTGGGCAGAGCGGCTCCTGCATGGGACATGG
hsa-mir-34a,GTGGACCGGCCAGCTGTGAGTGTTTCTTTGGCAGTGTCTTAGCTGGTTGTTGTGAGCAATAGTAAGGAAGCAATCAGCAAGTATACTGCCCTAGAAGTGCTGCACGTTGTGGGGCCCAAGAGGGA
hsa-mir-34b,TGCAGCCGCGGGTGCCCGGTGCTCGGTTTGTAGGCAGTGTCATTAGCTGATTGTACTGTGGTGGTTACAATCACTAACTCCACTGCCATCAAAACAAGGCACAGCATCACCGCCGCCCGGCCGGG
hsa-mir-34c,AGACTGCAATTTTTTCTATGAGTCTAGTTACTAGGCAGTGTAGTTAGCTGATTGCTAATAGTACCAATCACTAACCACACGGCCAGGTAAAAAGATTTGGGAATTCGTCCAAATGAGCTGCCTGT
hsa-mir-3605,CTGGATACTTTATACGTGTAATTGTGATGAGGATGGATAGCAAGGAAGCCGCTCCCACCTGACCCTCACGGCCTCCGTGTTACCTGTCCTCTAGGTGGGACGCTCGTCCCTGCTGGTGGGGAATC
hsa-mir-361,CAGTGATTTTTTTCCTGGGATTTGGGAGCTTATCAGAATCTCCAGGGGTACTTTATAATTTCAAAAAGTCCCCCAGGTGTGATTCTGATTTGCTTCCTTTTCCTCCTCCTGCTCTGAGAATCACC
hsa-mir-3611,TTGCTAAGACCTACTGTAAGCAGGTCTAATAAGAATTTCTTTTTCTTCACAATTATGAAAGAAAAGAAATTGTGAAGAAAGAAATTCTTACTAGTTTTGCTGTCAAATCTCAATCTGTAAAAGTG
hsa-mir-3612,CAGTCATTCACTTTGGGGACTGGGGATGAGGAGGCATCTTGAGAAATGGAAGGAATGGGATCTACTTCCAGTTCACTAGAGGCGTCCTGACACCCCTAGCTCAGCATCTTCCTCTGTGAACCGCC
hsa-mir-3613,TGCCGTGCAATTAAGATGGTTGGGTTTGGATTGTTGTACTTTTTTTTTTGTTCGTTGCATTTTTAGGAACAAAAAAAAAAGCCCAACCCTTCACACCACTTCATCCGCATCTCAAGACCAGAAGC
hsa-mir-3614,ATCCATAGCTACTGTAGGTTCTGTCTTGGGCCACTTGGATCTGAAGGCTGCCCCTTTGCTCTCTGGGGTAGCCTTCAGATCTTGGTGTTTTGAATTCTTACTATAGATGTTTTTAAAGTTCCAAA
hsa-mir-3617,AGAGGGAATTGTCTTACTCAAGGTCATAGAAAGACATAGTTGCAAGATGGGATTAGAAACCATATGTCTCATCAGCACCCTATGTCCTTTCTCTGCCCTGGGAGCACACTCCATTTAGCAGGCTT
hsa-mir-3619,AGCCACACGTCATCAAAAACGGCATCTTTGCACTCAGCAGGCAGGCTGGTGCAGCCCGTGGTGGGGGACCATCCTGCCTGCTGTGGGGTAAGGACGGCTGTGTGCGCCAGGCTACAGGGAAGCCA
hsa-mir-362,TCAGAGCCTTCTTGTCTGCTCCCCCTCTTGAATCCTTGGAACCTAGGTGTGAGTGCTATTTCAGTGCAACACACCTATTCAAGGATTCAAAGAGGCTGAGCCTTGTCTACATGTAGAAGGACCAA
hsa-mir-3622a,AGTGGTGTGATCATAGCCAATAGAGGGTGCACAGGCACGGGAGCTCAGGTGAGGCAGGGAGCTGAGCTCACCTGACCTCCCATGCCTGTGCACCCTCTATTATATCACTCGTATGTCTACCATTG
hsa-mir-363,ATTGTAAAATGATCTGTTTTGCTGTTGTCGGGTGGATCACGATGCAATTTTGATGAGTATCATAGGAGAAAAATTGCACGGTATCCATCTGTAAACCGCAGGACCTTTGTTGGCGACATTCCTGA
hsa-mir-365a,CCAGCTGGTTCGTTACCGCAGGGAAAATGAGGGACTTTTGGGGGCAGATGTGTTTCCATTCCACTATCATAATGCCCCTAAAAATCCTTATTGCTCTTGCAGTATTCCTCGGGGGTCCCTGGGCC
hsa-mir-365b,GGAGAGTGTTCAAGGACAGCAAGAAAAATGAGGGACTTTCAGGGGCAGCTGTGTTTTCTGACTCAGTCATAATGCCCCTAAAAATCCTTATTGTTCTTGCAGTGTGCATCGGGCAGCGGCCAGCA
hsa-mir-367,CACTGTGTGCAGTTCTTGGCTACAGGCCATTACTGTTGCTAATATGCAACTCTGTTGAATATAAATTGGAATTGCACTTTAGCAATGGTGATGGATTGTTAAGCCAATGACAGAATTTAAACCAC
hsa-mir-3681,CATCTTCAAGGAGACACTTGTCTACTTCCAGTAGTGGATGATGCACTCTGTGCAGGGCCAACTGTGCACACAGTGCTTCATCCACTACTGGAAGTGTCATGAGCTACTGTTCAGGAGTCCAGTGC
hsa-mir-369,TCAGCTCAGCGCCTTTCCTGGTACTTGAAGGGAGATCGACCGTGTTATATTCGCTTTATTGACTTCGAATAATACATGGTTGATCTTTTCTCAGTATCAAATCTCACCTTGGAGGACCCGTTGGA
hsa-mir-3690-1,GTAGACAGGAGAAGACTCTGCCCCATCTCCACCTGGACCCAGCGTAGACAAAGAGGTGTTTCTACTCCATATCTACCTGGACCCAGTGTAGATGGGAGGAGACCCTGCCCCACCTCCACCTGGAC
hsa-mir-370,CCGTACAAGTCGGGGCACAAGACAGAGAAGCCAGGTCACGTCTCTGCAGTTACACAGCTCACGAGTGCCTGCTGGGGTGGAACCTGGTCTGTCTGTCTGTCTAACACCAGAGCTCGGGCGCTGCT
hsa-mir-371a,CCGCCTTGCCGCATCCCCTCAGCCTGTGGCACTCAAACTGTGGGGGCACTTTCTGCTCTCTGGTGAAAGTGCCGCCATCTTTTGAGTGTTACCGCTTGAGAAGACTCAACCTGCGGAGAAGATAC
hsa-mir-372,TCTTGCAGATGGAGCTGCTCACCCTGTGGGCCTCAAATGTGGAGCACTATTCTGATGTCCAAGTGGAAAGTGCTGCGACATTTGAGCGTCACCGGTGACGCCCATATCAACGGATGCCGTGGAGC
hsa-mir-373,AGATCCTCGCGAGGAGCTCATACTGGGATACTCAAAATGGGGGCGCTTTCCTTTTTGTCTGTACTGGGAAGTGCTTCGATTTTGGGGTGTCCCTGTTTGAGTAGGGCATCACGAACCATCCTGCT
hsa-mir-374a,GCAGCACCCCCTGGGAAGAAATTTTACATCGGCCATTATAATACAACCTGATAAGTGTTATAGCACTTATCAGATTGTATTGTAATTGTCTGTGTATATGCCTGTCTCTCTTCCTGTTATCAGTT
hsa-mir-374b,AGTGGTGCTCCTCTGAAGAAATCCTACTCGGATGGATATAATACAACCTGCTAAGTGTCCTAGCACTTAGCAGGTTGTATTATCATTGTCCGTGTCTATGGCTCTCGTCTACCAGACTTTAAATT
hsa-mir-375,CCGCCAGGCCCCGGGCCCTCCGCTCCCGCCCCGCGACGAGCCCCTCGCACAAACCGGACCTGAGCGTTTTGTTCGTTCGGCTCGCGTGAGGCAGGGGCGGCCTCTCAGCACCAGCCCGGGGGCCG
hsa-mir-376a-1,CTGGATGGAATCCTTCTTTGGTATTTAAAAGGTAGATTCTCCTTCTATGAGTACATTATTTATGATTAATCATAGAGGAAAATCCACGTTTTCAGTATCAAATGCTGCTTTGAAAACCTCGGAGG
hsa-mir-376a-2,CCGGGATGAAACCTTCTTTGGTATTTAAAAGGTAGATTTTCCTTCTATGGTTACGTGTTTGATGGTTAATCATAGAGGAAAATCCACGTTTTCAGTATCAAATGCTGCCTTGGGATCATGGCTGG
hsa-mir-376b,CAGAGCCCAGTCCTTCTTTGGTATTTAAAACGTGGATATTCCTTCTATGTTTACGTGATTCCTGGTTAATCATAGAGGAAAATCCATGTTTTCAGTATCAAATGCTGCTTTGGAAATGTTTCTGG
hsa-mir-376c,CAGGACTCAATCCTTCTTTGGTATTTAAAAGGTGGATATTCCTTCTATGTTTATGTTATTTATGGTTAAACATAGAGGAAATTCCACGTTTTCAGTATCAAATGCTGCTTGGAAACATTCCTGGA
hsa-mir-377,CTTGCCCGTGCTGATGTTTGACCCTTGAGCAGAGGTTGCCCTTGGTGAATTCGCTTTATTTATGTTGAATCACACAAAGGCAACTTTTGTTTGAGTATCAAATCCTGCTTGGGATGGCTTCCGGG
hsa-mir-378a,GCAGCCAGAGGGTGACAGAGCCACCCAGGGCTCCTGACTCCAGGTCCTGTGTGTTACCTAGAAATAGCACTGGACTTGGAGTCAGAAGGCCTGAGTGGAGTCACCTTCCCCACTCTCTGGCTGGG
hsa-mir-379,GTCAGCACCATTCCGTGGTTCCTGAAGAGATGGTAGACTATGGAACGTAGGCGTTATGATTTCTGACCTATGTAACATGGTCCACTAACTCTCAGTATCCAATCCATCCTCGGAGGGCTTCCTGG
hsa-mir-380,ACCTCAGCCCTCTCCAAGGTACCTGAAAAGATGGTTGACCATAGAACATGCGCTATCTCTGTGTCGTATGTAATATGGTCCACATCTTCTCAATATCAAATTCAGTCATAGAGGGCTTCCCAGAG
hsa-mir-381,CTGCCCAGTGCTATTGTTTGGTACTTAAAGCGAGGTTGCCCTTTGTATATTCGGTTTATTGACATGGAATATACAAGGGCAAGCTCTCTGTGAGTATCAAACCTTGTCTTGGACCCAGTCCACAC
hsa-mir-382,CTTGTCTCTGCTTTTCTGTGGTACTTGAAGAGAAGTTGTTCGTGGTGGATTCGCTTTACTTATGACGAATCATTCACGGACAACACTTTTTTCAGTACCAAATGCTACCTCTAAGGACTTCCTGG
hsa-mir-383,ACTTCAGAATCTCCCCGTCACCTGCTCCTCAGATCAGAAGGTGATTGTGGCTTTGGGTGGATATTAATCAGCCACAGCACTGCCTGGTCAGAAAGAGCAAGTGTCCTAGCCTTTACCTCATGAGA
hsa-mir-3909,GTATGCTGTTGCGCTGTCCTTCCTCTGGGGAGCAGGCTCCGGGGGACAGGGAAAAGCACACAAGGAACTTGTCCTCTAGGGCCTGCAGTCTCATGGGAGAGTGACATGCACCAGGACCACCGCTG
hsa-mir-3918,CACAGATACCAATAGGCGGTTAAGCCATGGGACAGGGCCGCAGATGGAGACTGCTCAAGGTCAAAGGGGTCTCCAGCTGGGACCCTGCACCTGGTTCGTAGCCCCTCTGCAGACGCACAGTGCCT
hsa-mir-3924,ATATGTATTTAAATTAAAATAAATGAAAAAGTAGTAGTCAAATATGCAGATCTATGTCATATATACAGATATGTATATGTGACTGCTACTTTTTTGTTTAATTCTCTTACCCCTATCTTTCTCTT
hsa-mir-3940,CACGCCAAGCAGCTTATCGAGGAAAAGATCGAGGTGGGTTGGGGCGGGCTCTGGGGATTTGGTCTCACAGCCCGGATCCCAGCCCACTTACCTTGGTTACTCTCCTTCCTTCTAGGGTCCTCTCT
hsa-mir-3942,TGATTGGTCTTCAGTATGACACCTCAAAGAAGCAATACTGTTACCTGAAATAGGCTGCGAAGATAACAGTATTTCAGATAACAGTATTACATCTTTGAAGTGTCATATTCACTGACACTGAATAA
hsa-mir-3944,CTTGCTGTCCACCCAGCAGGCGCAGGTCCTGTGCAGCAGGCCAACCGAGAAGCGCCTGCGTCTCCCATTTTCGGGCTGGCCTGCTGCTCCGGACCTGTGCCTGATCTTAATGCTGCAGGAACACC
hsa-mir-410,TGAGCCGATGGCACTCTGGGTACCTGAGAAGAGGTTGTCTGTGATGAGTTCGCTTTTATTAATGACGAATATAACACAGATGGCCTGTTTTCAGTACCGCTACCGCCCGGTGGTGTGCGGGCGCC
hsa-mir-411,CCTCGGCATCTCTGTGTGGTACTTGGAGAGATAGTAGACCGTATAGCGTACGCTTTATCTGTGACGTATGTAACACGGTCCACTAACCCTCAGTATCAAATCCATCCCCGAGGCTCCTGGAAACA
hsa-mir-412,CATCAGCACCATTCTGGGGTACGGGGATGGATGGTCGACCAGTTGGAAAGTAATTGTTTCTAATGTACTTCACCTGGTCCACTAGCCGTCCGTATCCGCTGCAGCCTGTGGGGCCTGCGGGCCGG
hsa-mir-421,TCACAGTGCCTAATCCGGTGCACATTGTAGGCCTCATTAAATGTTTGTTGAATGAAAAAATGAATCATCAACAGACATTAATTGGGCGCCTGCTCTGTGATCTCCATGGGCTCAGCTTGTCCCCG
hsa-mir-423,AAACTTGTGAGGAAATAAAGGAAGTTAGGCTGAGGGGCAGAGAGCGAGACTTTTCTATTTTCCAAAAGCTCGGTCTGAGGCCCCTCAGTCTTGCTTCCTAACCCGCGCTTGAGTTTCTCCCCGCT
hsa-mir-424,TCGATCCCCCTTCATTGACTCCGAGGGGATACAGCAGCAATTCATGTTTTGAAGTGTTCTAAATGGTTCAAAACGTGAGGCGCTGCTATACCCCCTCGTGGGGAAGGTAGAAGGTGGGGTCTGCC
hsa-mir-425,ATGCACCTTCAGAATGGAAAGCGCTTTGGAATGACACGATCACTCCCGTTGAGTGGGCACCCGAGAAGCCATCGGGAATGTCGTGTCCGCCCAGTGCTCTTTCGGCGCCTCCCAGCAGGGCCTCA
hsa-mir-429,AGGCCACCCACACCACCGCCGGCCGATGGGCGTCTTACCAGACATGGTTAGACCTGGCCCTCTGTCTAATACTGTCTGGTAAAACCGTCCATCCGCTGCCTGATCACCGTTAGAGGAGAGAGCTG
hsa-mir-431,CGTCGTTGTCCTGCTTGTCCTGCGAGGTGTCTTGCAGGCCGTCATGCAGGCCACACTGACGGTAACGTTGCAGGTCGTCTTGCAGGGCTTCTCGCAAGACGACATCCTCATCACCAACGACGTGC
hsa-mir-432,TGAACCGTTGCATGACTCCTCCAGGTCTTGGAGTAGGTCATTGGGTGGATCCTCTATTTCCTTACGTGGGCCACTGGATGGCTCCTCCATGTCTTGGAGTAGATCAGTGGGCAGCTCTTCCATTT
hsa-mir-433,AAGACCCAATGCCCGGGGAGAAGTACGGTGAGCCTGTCATTATTCAGAGAGGCTAGATCCTCTGTGTTGAGAAGGATCATGATGGGCTCCTCGGTGTTCTCCAGGTAGCGGCACCACACCATGAA
hsa-mir-4424,GAAATTGGACCATTATCTTACATCACACACAGAGTTAACTCAAAATGGACTAATTTTTCCACTAGTTAGTCCATTTCAAGTTAACTCTGTGTGTGATGTAGTCTAGAAACTCTGGAGGCTGAGGT
hsa-mir-4428,CTTATGCAAACAGGCTTTCCACTTGGCAGGTGCCATGTTGCCTGCTCCTTACTGTACACGTGGCTGGCAAGGAGACGGGAACATGGAGCCGCCATTTTGAACATGCCTAGTCCCAGGTGGTCTTT
hsa-mir-448,TTCGCATGGGCCGGGAGGTTGAACATCCTGCATAGTGCTGCCAGGAAATCCCTATTTCATATAAGAGGGGGCTGGCTGGTTGCATATGTAGGATGTCCCATCTCCCAGCCCACTTCGTCATGACA
hsa-mir-449a,AAGTGCTCTGGATACCTGTGTGTGATGAGCTGGCAGTGTATTGTTAGCTGGTTGAATATGTGAATGGCATCGGCTAACATGCAACTGCTGTCTTATTGCATATACAATGAACATCAGAGTGTAAC
hsa-mir-449b,CACGAGAATCGGCAGTGACCTGAATCAGGTAGGCAGTGTATTGTTAGCTGGCTGCTTGGGTCAAGTCAGCAGCCACAACTACCCTGCCACTTGCTTCTGGATAAATTCTTCTTGTCAATGAAGTG
hsa-mir-449c,AGCAAAGGATAAAGCTGGGATGTGTCAGGTAGGCAGTGTATTGCTAGCGGCTGTTAATGATTTTAACAGTTGCTAGTTGCACTCCTCTCTGTTGCATTCAGAAGCACGCCCCCCAAAGAAATGGA
hsa-mir-450a-1,CTATAGGCAATCAAAAACGATACTAAACTGTTTTTGCGATGTGTTCCTAATATGCACTATAAATATATTGGGAACATTTTGCATGTATAGTTTTGTATCAATATACAGATGAAAAGATGGAGGGA
hsa-mir-450a-2,AAGGTGACCAAAGAAAGATGCTAAACTATTTTTGCGATGTGTTCCTAATATGTAATATAAATGTATTGGGGACATTTTGCATTCATAGTTTTGTATCAATAATATGGGGAAAAGAGGCTATCAGG
hsa-mir-450b,CTTCTGTGATAAATGTAAGATGCAGAATTATTTTTGCAATATGTTCCTGAATATGTAATATAAGTGTATTGGGATCATTTTGCATCCATAGTTTTGTATCAACATATGGAGAAAAGTCTAGGAAG
hsa-mir-452,TCCTGTCTTATAATTGCTAAGCACTTACAACTGTTTGCAGAGGAAACTGAGACTTTGTAACTATGTCTCAGTCTCATCTGCAAAGAAGTAAGTGCTTTGCCAAGCTCCTTGAGAGGTTAGGTAAG
hsa-mir-4524a,AGAGACAGTGATTACCCTTCCTCTTTGGAACGATAGCAGCATGAACCTGTCTCACTGCAGAATTATTTTGAGACAGGCTTATGCTGCTATCCTTCAAAAGAACACATCCACCCAGCTACTGAGGT
hsa-mir-454,AAAATTCTGTTTATCACCAGATCCTAGAACCCTATCAATATTGTCTCTGCTGTGTAAATAGTTCTGAGTAGTGCAATATTGCTTATAGGGTTTTGGTGTTTGGAAAGAACAATGGGCAGGCTGCA
hsa-mir-455,CGAGCGCCTGCGCCCTTCCCTGGCGTGAGGGTATGTGCCTTTGGACTACATCGTGGAAGCCAGCACCATGCAGTCCATGGGCATATACACTTGCCTCAAGGCCTATGTCATCGAGGAGCCACCGG
hsa-mir-4637,TGGAAAAATTAGTTAGGACCCTTACTTGGATCTGCAATTAGTATTTTAATCATAGATTGTATTTAGTTAGTTTTTAATACTAACTGCAGATTCAAGTGAGGGTTCTAACCCTAACCTCTAGATTT
hsa-mir-4640,TCTAAGTGGCCACTGTGGGCTGGGCCAGGGAGCAGCTGGTGGGTGGGAAGTAAGATCTGACCTGGACTCCATCCCACCCACCCCCTGTTTCCTGGCCCACAGGTGATCTCAGGCAATGAGGACCC
hsa-mir-4661,CACGTCACCTGATATCAGGTATTTACTCTGAACTAGCTCTGTGGATCCTGACAGACAGCCTGATAGACAGGATCCACAGAGCTAGTCCAGAGTAAAAGACCTAAATCAGCTGTGGTTGTGGTGTA
hsa-mir-4662a,GAAAAAGCCATTGTGTACCACAGTGTCTATTTAGCCAATTGTCCATCTTTAGCTATTCTGAATGCCTAAAGATAGACAATTGGCTAAATAGAAATTGTGGTACATCCATACAATGGAATACCATG
hsa-mir-4664,GAGCTCGTAGGGTGCACTGACCCCGTTGGGGGCTGGGGTGCCCACTCCGCAAGTTATCACTGAGCGACTTCCGGTCTGTGAGCCCCGTCCTCCGCACCCCACCTTTCCGCCGCCTAGAGCCTCCG
hsa-mir-4677,CATGGATGATTTGGAGTAGCAAAGCAGCAATTGTTCTTTGGTCTTTCAGCCATGACCTGACCTTCTGTCTGTGAGACCAAAGAACTACTTTGCTTGGCCACCATCTGCACTCAAGAGAGAAATTT
hsa-mir-4731,TGAAGCCTTCTGACTGTGGTCAGGTCCCTGCCAGTGCTGGGGGCCACATGAGTGTGCAGTCATCCACACACAAGTGGCCCCCAACACTGGCAGGGACCCGGAGTCATCTGGCCCATCCCTCCTTC
hsa-mir-4739,TCCCGCCCAGGCCACGTGGGCAGGGGAGGAAGAAGGGAGGAGGAGCGGAGGGGCCCTTGTCTTCCCAGAGCCTCTCCCTTCCTCCCCTCCCCCTCCCTCTGCTCATCTCATCATGAGACAGCTGG
hsa-mir-4761,GGATTTCGCTGGCGTGAAGGACAAGGTGTGCATGCCTGACCCGTTGTCAGACCTGGAAAAAGGGCCGGCTGTGGGCAGGGAGGGCATGCGCACTTTGTCCTCCCCACCAGGTGTTCACACCACGT
hsa-mir-4766,TACTGTTGACCCTTCTACCTTTCTGAAGCTCCTTCTGAAAGAGCAGTTGGTGTTTATTTTTTACTAAATAGCAATTGCTCTTTTGGAAGGAACTTGAGAAGACATTACTCCTTTTAGGGCCCTAA
hsa-mir-483,CAGCTGAGCATTGCTGTGGGGGAGAGGGGGAAGACGGGAGGAAAGAAGGGAGTGGTTCCATCACGCCTCCTCACTCCTCTCCTCCCGTCTTCTCCTCTCCTGCCCTTGTCTCCCTGTCTCAGCAG
hsa-mir-485,CTCACCAGTGTTCATGTGTGGTACTTGGAGAGAGGCTGGCCGTGATGAATTCGATTCATCAAAGCGAGTCATACACGGCTCTCCTCTCTTTTAGTGTCAAATTCTGCCTCGGAGGGCTTCCTGAG
hsa-mir-486-1,CGGCTCTGATCTCCATCCTCCCTGGGGCATCCTGTACTGAGCTGCCCCGAGGCCCTTCATGCTGCCCAGCTCGGGGCAGCTCAGTACAGGATACCTCGGGGTGGGAGTCAGCAGGAGGTGAGGGG
hsa-mir-487a,GCCGTCACCGTCAGCCTTCGGTACTTGAAGAGTGGTTATCCCTGCTGTGTTCGCTTAATTTATGACGAATCATACAGGGACATCCAGTTTTTCAGTATCAAATACTGCTTTGGAAGGCTTCCCGG
hsa-mir-487b,CTTTTCCGTGCTAACCTTTGGTACTTGGAGAGTGGTTATCCCTGTCCTGTTCGTTTTGCTCATGTCGAATCGTACAGGGTCATCCACTTTTTCAGTATCAAGAGCGCAGACTCTGGAGCTCGATT
hsa-mir-488,CTAGAGTGGAAAATTTCAGAGAATCATCTCTCCCAGATAATGGCACTCTCAAACAAGTTTCCAAATTGTTTGAAAGGCTATTTCTTGGTCAGATGACTCTCAATTTCTTCTGGAAGACTCAGGAG
hsa-mir-489,TGCTGACTACTGCTGTTGGTGGCAGCTTGGTGGTCGTATGTGTGACGCCATTTACTTGAACCTTTAGGAGTGACATCACATATACGGCAGCTAAACTGCTACATGGGACAACAATTAAGAGTTTT
hsa-mir-490,TTGCTGGTTTGGAAAGTTCATTGTTCGACACCATGGATCTCCAGGTGGGTCAAGTTTAGAGATGCACCAACCTGGAGGACTCCATGCTGTTGAGCTGTTCACAAGCAGCGGACACTTCCAACTCC
hsa-mir-491,GATGTCTGCTGTGGGAATTGACTTAGCTGGGTAGTGGGGAACCCTTCCATGAGGAGTAGAACACTCCTTATGCAAGATTCCCTTCTACCTGGCTGGGTTGGAGTCATATCCTGCAGGTCCTTACC
hsa-mir-493,TTCGGGGCTCATTCTGGCCTCCAGGGCTTTGTACATGGTAGGCTTTCATTCATTCGTTTGCACATTCGGTGAAGGTCTACTGTGTGCCAGGCCCTGTGCCAGGCATCGTGTAGATGGACGTTGCC
hsa-mir-494,TGATCAGTGCTAATCTTCGATACTCGAAGGAGAGGTTGTCCGTGTTGTCTTCTCTTTATTTATGATGAAACATACACGGGAAACCTCTTTTTTAGTATCAAATCCCACCCTGGAGGCACTTCCTG
hsa-mir-495,GGAGGACGTGCTCATCTCTGGTACCTGAAAAGAAGTTGCCCATGTTATTTTCGCTTTATATGTGACGAAACAAACATGGTGCACTTCTTTTTCGGTATCAAATATCTCCTTGAAGTGCCTCCATC
hsa-mir-496,GAAGCGAGCACCCAAGTCAGGTACTCGAATGGAGGTTGTCCATGGTGTGTTCATTTTATTTATGATGAGTATTACATGGCCAATCTCCTTTCGGTACTCAATTCTTCTTGGGAAACGTCACGAGG
hsa-mir-497,TTTCAACCCACCCCGGTCCTGCTCCCGCCCCAGCAGCACACTGTGGTTTGTACGGCACTGTGGCCACGTCCAAACCACACTGTGGTGTTAGAGCGAGGGTGGGGGAGGCACCGCCGAGGCTTGGC
hsa-mir-498,CTCCTTGGGAAGTGAAGCTCAGGCTGTGATTTCAAGCCAGGGGGCGTTTTTCTATAACTGGATGAAAAGCACCTCCAGAGCTTGAAGCTCACAGTTTGAGAGCAATCGTCTAAGGAAGTTGATGG
hsa-mir-499a,CCTGTCCCCTGTGCCTTGGGCGGGCGGCTGTTAAGACTTGCAGTGATGTTTAACTCCTCTCCACGTGAACATCACAGCAAGTCTGTGCTGCTTCCCGTCCCTACGCTGCCTGGGCAGGGTTTGTG
hsa-mir-5000,ATCCTCTCTGAAGAGTAGAGTGTGTGGTCCCAGTTCAGAAGTGTTCCTGAGTAACTTGTGCTTATAACTCAGGACACTTCTGAACTTGGACCATACAGGTCTCCCTGCTTCTGTTATCTCTCAGA
hsa-mir-5009,AAATGTTTGGGACCAGAAGTGTTTTGGATTTTGGACTTTTTCAGATTTGGGGATATTTGCATTATACTTATCCTAAATCTGAAAGTCCAAAACCTGAAATGACCAATAAGCATTTCCTTTGAGCA
hsa-mir-500a,ACAGGGCTTTGTGTTCTGCTCCCCCTCTCTAATCCTTGCTACCTGGGTGAGAGTGCTGTCTGAATGCAATGCACCTGGGCAAGGATTCTGAGAGCGAGAGCTTCATCTTCGTGTAGGACAGAGCG
hsa-mir-500b,TGGAATCTCCTGTCCTGGTTCCCCCTCTCTAATCCTTGCTACCTGGGTGAGAGTGCTTTCTGAATGCAGTGCACCCAGGCAAGGATTCTGCAAGGGGGAGTGACATCTTCGCATAGGACAGAGCA
hsa-mir-501,CCTGAGTCTTCTGCTCTGCTCTTCCTCTCTAATCCTTTGTCCCTGGGTGAGAGTGCTTTCTGAATGCAATGCACCCGGGCAAGGATTCTGAGAGGGTGAGCCCCCTCTGCGTGGAGAACAGAAGA
hsa-mir-5010,ATCCAGGGAACCCTAGAGCAGGGGGATGGCAGAGCAAAATTCATGGCCTACAGCTGCCTCTTGCCAAACTGCACTGGATTTTGTGTCTCCCATTCCCCAGAGCTGTCTGAGGTGCTTTGGACCAT
hsa-mir-502,CCCAAGCCTTCTGCCCTGCTCCCCCTCTCTAATCCTTGCTATCTGGGTGCTAGTGCTGGCTCAATGCAATGCACCTGGGCAAGGATTCAGAGAGGGGGAGCTCAACTGTACCAAGAAGGACAGAG
hsa-mir-503,AGACGCGGTGCCCGCGCTCAGCCGTGCCCTAGCAGCGGGAACAGTTCTGCAGTGAGCGATCGGTGCTCTGGGGTATTGTTTCCGCTGCCAGGGTAAGTCTGGGACTGCCGTTCGGGCCTACCCAG
hsa-mir-504,TGGAGTGGAATGTTGAATCAGCTGCTGTTGGGAGACCCTGGTCTGCACTCTATCTGTATTCTTACTGAAGGGAGTGCAGGGCAGGGTTTCCCATACAGAGGGCACAGACTACCACCGTATGGCAA
hsa-mir-505,CCTGCCGGTGGTAAATTGATGCACCCAGTGGGGGAGCCAGGAAGTATTGATGTTTCTGCCAGTTTAGCGTCAACACTTGCTGGTTTCCTCTCTGGAGCATCGCCAAGTTCGTGGATTTTCATTTT
hsa-mir-506,ACCACCATCAGCCATACTATGTGTAGTGCCTTATTCAGGAAGGTGTTACTTAATAGATTAATATTTGTAAGGCACCCTTCTGAGTAGAGTAATGTGCAACATGGACAACATTTGTGGTGGCATTG
hsa-mir-507,GGACATTTTCCGCTGTGCTGTGTGTAGTGCTTCACTTCAAGAAGTGCCATGCATGTGTCTAGAAATATGTTTTGCACCTTTTGGAGTGAAATAATGCACAACAGATACAAGTCAGAACTACCCAC
hsa-mir-508,AGAGCCACCACCTTCAGCTGAGTGTAGTGCCCTACTCCAGAGGGCGTCACTCATGTAAACTAAAACATGATTGTAGCCTTTTGGAGTAGAGTAATACACATCACGTAACGCATATTTGGTGGCCA
hsa-mir-509-1,TGCCATCCTCAGACATGCTGTGTGTGGTACCCTACTGCAGACAGTGGCAATCATGTATAATTAAAAATGATTGGTACGTCTGTGGGTAGAGTACTGCATGACACATGCAACATACATGATGACAC
hsa-mir-509-2,TGCCATCCTCAGACATGCTGTGTGTGGTACCCTACTGCAGACAGTGGCAATCATGTATAATTAAAAATGATTGGTACGTCTGTGGGTAGAGTACTGCATGACACGTGCAACATACATGATGACAC
hsa-mir-509-3,CTGCCATCCTCAGACATGCTGTGTGTGGTACCCTACTGCAGACGTGGCAATCATGTATAATTAAAAATGATTGGTACGTCTGTGGGTAGAGTACTGCATGACACGTGCAACATACATGATGACAC
hsa-mir-5094,CCTGTCTCAAAAAAAAAAAAGAAAAAAATCAGTGAATGCCTTGAACCTAACACACTGCCTTTTATGTGGTAGGTACAGTGGGCTCACTGAAACATTCAACTTGTTCAACTCTATCCATTTGTCCA
hsa-mir-510,TTTCAGGAATGCTGTGTATGTGTGTGGTGTCCTACTCAGGAGAGTGGCAATCACATGTAATTAGGTGTGATTGAAACCTCTAAGAGTGGAGTAACACATGACATGTACTACATATGCAATGATAT
hsa-mir-511,TCCAACGATAAGAAAACAATAGACACCCATCGTGTCTTTTGCTCTGCAGTCAGTAAATATTTTTTTGTGAATGTGTAGCAAAAGACAGAATGGTGGTCCATTGAATCCCCAGGATGAAGACATGA
hsa-mir-512-1,AATACAGGGAGGGTACTTCTCAGTCTGTGGCACTCAGCCTTGAGGGCACTTTCTGGTGCCAGAATGAAAGTGCTGTCATAGCTGAGGTCCAATGACTGAGGCGAGCACCGAAGAAACACCATGGG
hsa-mir-512-2,AATACAGGGAGGGTACTTCTCAGTCTGTGGCACTCAGCCTTGAGGGCACTTTCTGGTGCCAGAATGAAAGTGCTGTCATAGCTGAGGTCCAATGACTGAGGCGAGCACCGAAAAAACACCATGGG
hsa-mir-513a-1,TGCCACATTCAGCCATTCAGCGTACAGTGCCTTTCACAGGGAGGTGTCATTTATGTGAACTAAAATATAAATTTCACCTTTCTGAGAAGGGTAATGTACAGCATGCACTGCATATGTGGTGTCCC
hsa-mir-513a-2,TGCCACATTCAGCCATTCAGTGTGCAGTGCCTTTCACAGGGAGGTGTCATTTATGTGAACTAAAATATAAATTTCACCTTTCTGAGAAGGGTAATGTACAGCATGCACTGCATATGTGGTGTCCC
hsa-mir-513b,TGCCACATTCAGCCATTCAGTGTACAGTGCCTTTCACAAGGAGGTGTCATTTATGTGAACTAAAATATAAATGTCACCTTTTTGAGAGGAGTAATGTACAGCATGCACTGCATATGTGGTGTCCC
hsa-mir-513c,TGCCACATTCAGCCATTCAGCGTACAGTGCCTTTCTCAAGGAGGTGTCGTTTATGTGAACTAAAATATAAATTTCACCTTTCTGAGAAGAGTAATGTACAGCATGCACTGCATATGTGGTGTCCC
hsa-mir-514a-1,TTCCATCCTTAAACATGTTGTCTGTGGTACCCTACTCTGGAGAGTGACAATCATGTATAATTAAATTTGATTGACACTTCTGTGAGTAGAGTAACGCATGACACGTACGACAGACAATGGCACTG
hsa-mir-514a-2,TTCCATCCTTAAACATGTTGTCTGTGGTACCCTACTCTGGAGAGTGACAATCATGTATAACTAAATTTGATTGACACTTCTGTGAGTAGAGTAACGCATGACACTTACGACAGACAATGGCACTG
hsa-mir-514a-3,TTCCATCCTTAAACATGTTGTCTGTGGTACCCTACTCTGGAGAGTGACAATCATGTATAACTAAATTTGATTGACACTTCTGTGAGTAGAGTAACGCATGACACTTACGACAGACAATGGCACTG
hsa-mir-514b,TCCTTAAGTGTTCTATTCTTCATGTGGTACTCTTCTCAAGAGGGAGGCAATCATGTGTAATTAGATATGATTGACACCTCTGTGAGTGGAGTAACACATGATATATACATCATATGACATGGCAT
hsa-mir-515-1,GTTTTGGAGTGAGAAGATCTCATGCAGTCATTCTCCAAAAGAAAGCACTTTCTGTTGTCTGAAAGCAGAGTGCCTTCTTTTGGAGCGTTACTGTTTGAGAAAAACCACGTTGAAGTTGATGCTGA
hsa-mir-515-2,CTTTTGGAGCGAGAAGATCTCATGCAGTCATTCTCCAAAAGAAAGCACTTTCTGTTGTCTGAAAGCAGAGTGCCTTCTTTTGGAGCGTTACTGTTTGAGAAAAACCACGTTGAAGTTGATGCTGA
hsa-mir-516a-1,TGCTGGAGCAAGATCTCAGGCTGTGACCTTCTCGAGGAAAGAAGCACTTTCTGTTGTCTGAAAGAAAAGAAAGTGCTTCCTTTCAGAGGGTTACGGTTTGAGAAAAGCAACGTTGAAGTTGACGC
hsa-mir-516a-2,TGGAGCAAGAAGATCTCAGGTTGTGACCTTCTCGAGGAAAGAAGCACTTTCTGTTGTCTGAAAGAAAAGAAAGTGCTTCCTTTCAGAGGGTTACGGTTTGAGAAAAGCAACGTCGAAGTTGACGC
hsa-mir-516b-1,CCGAGCAAGAATATCTCAGGCTGTGACCATCTGGAGGTAAGAAGCACTTTCTGTTTTGTGAAAGAAAAGAAAGTGCTTCCTTTCAGAGGGTTACTCTTTGAGAAAAGCAACGTTGAAGTTGATGC
hsa-mir-516b-2,TGCTGGAGCAAGAAGATCTCATGATGTGACCATCTGGAGGTAAGAAGCACTTTGTGTTTTGTGAAAGAAAGTGCTTCCTTTCAGAGGGTTACTCTTTGAGAAAAGCAGCATTGAAGTTGATGCTG
hsa-mir-517a,TCAAAAAAAAGAAGATCTCAGGCAGTGACCCTCTAGATGGAAGCACTGTCTGTTGTATAAAAGAAAAGATCGTGCATCCCTTTAGAGTGTTACTGTTTGAGACAAGCAACGTTGAAGATGCTGCT
hsa-mir-517b,TACTGGAGCAAGAAGACCTCATGCTGTGACCCTCTAGATGGAAGCACTGTCTGTTGTCTAAGAAAAGATCGTGCATCCCTTTAGAGTGTTACTGTTTGAGAAAAGCAACGTTGAAGATGCTGCTG
hsa-mir-517c,TACTGGAGCAAGAAGATCTCAGGCAGTGACCCTCTAGATGGAAGCACTGTCTGTTGTCTAAGAAAAGATCGTGCATCCTTTTAGAGTGTTACTGTTTGAGAAAATCAACGTTGAAGATGCTGCTG
hsa-mir-518a-1,GTGCCGGAGCAAGAAGATCTCAAGCTGTGACTGCAAAGGGAAGCCCTTTCTGTTGTCTGAAAGAAGAGAAAGCGCTTCCCTTTGCTGGATTACGGTTTGAGAAAAACAACACTGAAGCTGATGCC
hsa-mir-518a-2,GCCGGAGCAAGAAGATCTCAAGCTGTGGGTCTGCAAAGGGAAGCCCTTTCTGTTGTCTAAAAGAAGAGAAAGCGCTTCCCTTTGCTGGATTACGGTTTGAGAAAGCGACGTTGAAGTTGATGCAT
hsa-mir-518b,GTTGGAGCAAGAATATGTCATGCTGTGGCCCTCCAGAGGGAAGCGCTTTCTGTTGTCTGAAAGAAAACAAAGCGCTCCCCTTTAGAGGTTTACGGTTTGAGTAAAGCAGCGTTGAAGTTGATGCT
hsa-mir-518c,GCTGGAGCGAGAAGATCTCATGCTGTGACTCTCTGGAGGGAAGCACTTTCTGTTGTCTGAAAGAAAACAAAGCGCTTCTCTTTAGAGTGTTACGGTTTGAGAAAAGCAACGTTGAAGTTGATGCT
hsa-mir-518d,TGCTGGAGTGAGAAGATCCCATGCTGTGACCCTCTAGAGGGAAGCACTTTCTGTTGTCTGAAAGAAACCAAAGCGCTTCCCTTTGGAGCGTTACGGTTTGAGAAACTCAATGTTGAAGTTGATGC
hsa-mir-518e,AATGCTGGAGCAAGATCTCAGGCTGTGACCCTCTAGAGGGAAGCGCTTTCTGTTGGCTAAAAGAAAAGAAAGCGCTTCCCTTCAGAGTGTTAACGCTTTGAGAAAAGCAACGTTGATCTTGGTAA
hsa-mir-518f,TGTTGGAGCAAGAAGATCTCATGCTGTGACCCTCTAGAGGGAAGCACTTTCTCTTGTCTAAAAGAAAAGAAAGCGCTTCTCTTTAGAGGATTACTCTTTGAGAAAAGCAACGTTGAAGTTGATGC
hsa-mir-5194,TCTTTGGGTTAACTTAAACTCAGCCCTTCTAGGCCCATTCTTTTCACTCAGGAATTGGATAAGCTTTTCTGAGGGGTTTGGAATGGGATGGCAGGGAGAGTCACCAGACACCATGAATGACAGGC
hsa-mir-519a-1,GCCGGAGCAAGAAGACCTCAGGCTGTGACACTCTAGAGGGAAGCGCTTTCTGTTGTCTGAAAGAAAGGAAAGTGCATCCTTTTAGAGTGTTACTGTTTGAGAAAAGCAACATTGAAGCTGATGCT
hsa-mir-519a-2,GCCGGAGCAAGAAGATCTCAGGCTGTGTCCCTCTACAGGGAAGCGCTTTCTGTTGTCTGAAAGAAAGGAAAGTGCATCCTTTTAGAGTGTTACTGTTTGAGAAAAGCAACGTTGAAGTTGATGCT
hsa-mir-519b,GCTGGAGCAAGAAGATCCCATGCTGTGACCCTCTAGAGGGAAGCGCTTTCTGTTGTCTGAAAGAAAAGAAAGTGCATCCTTTTAGAGGTTTACTGTTTGAGGAAAGCAACAGTGAAGTTGATGCT
hsa-mir-519c,GCTGGAGCAAGAAGATCTCAGCCTGTGACCCTCTAGAGGGAAGCGCTTTCTGTTGTCTGAAAGAAAAGAAAGTGCATCTTTTTAGAGGATTACAGTTTGAGAAAAGCAACGTTAACGTTCATGCT
hsa-mir-519d,GCTGGAGCAAGAAGATCCCATGCTGTGACCCTCCAAAGGGAAGCGCTTTCTGTTTGTTTTCTCTTAAACAAAGTGCCTCCCTTTAGAGTGTTACCGTTTGGGAAAAGCCACGTTGAAGATGATGC
hsa-mir-519e,GTTTTGGAGCGAGAAGATCTCATGCAGTCATTCTCCAAAAGGGAGCACTTTCTGTTTGAAAGAAAACAAAGTGCCTCCTTTTAGAGTGTTACTGTTTGAGAAAAACCACGTTGAAGTTGATGCTG
hsa-mir-520a,GCTGGAGCAAGAAGATCTCAGGCTGTGACCCTCCAGAGGGAAGTACTTTCTGTTGTCTGAGAGAAAAGAAAGTGCTTCCCTTTGGACTGTTTCGGTTTGAGTAAAGCAGCGTTGAAGTTGATGCT
hsa-mir-520b,GCCACAGCAAGAAGATGTCAGGCTGTGTCCCTCTACAGGGAAGCGCTTTCTGTTGTCTGAAAGAAAAGAAAGTGCTTCCTTTTAGAGGGTTACCGTTTAAGAAAAGCAACGTTTAGGTGGATGCT
hsa-mir-520c,GCCAGAGCAAGAAGATCTCAGGCTGTCGTCCTCTAGAGGGAAGCACTTTCTGTTGTCTGAAAGAAAAGAAAGTGCTTCCTTTTAGAGGGTTACCGTTTGAGAAAAGCAACATTGAAGTTGATGCT
hsa-mir-520d,GCCGGAGCAAGAAGATCTCAAGCTGTGAGTCTACAAAGGGAAGCCCTTTCTGTTGTCTAAAAGAAAAGAAAGTGCTTCTCTTTGGTGGGTTACGGTTTGAGAAAAGCAACGTTGAAGTTGATGCT
hsa-mir-520e,GCTGGAGCAAGACTGTCTCCTGCTGTGACCCTCAAGATGGAAGCAGTTTCTGTTGTCTGAAAGGAAAGAAAGTGCTTCCTTTTTGAGGGTTACTGTTTGAGAAAAGCAACCTTGAGGTTGATGCT
hsa-mir-520f,GCTGGAGCAAGAGGATCTCAGGCTGTGACCCTCTAAAGGGAAGCGCTTTCTGTGGTCAGAAAGAAAAGCAAGTGCTTCCTTTTAGAGGGTTACCGTTTGGGAAAAGCAATGTTGAAGTTGATGCT
hsa-mir-520g,TGGAGCAAGAAGATCCCATGCTGTGACCCTCTAGAGGAAGCACTTTCTGTTTGTTGTCTGAGAAAAAACAAAGTGCTTCCCTTTAGAGTGTTACCGTTTGGGAAAAGCAGTGTTGAAGTTGATGC
hsa-mir-520h,GCTGGAGCAAGAAGATCCCATGCTGTGACCCTCTAGAGGAAGCACTTTCTGTTTGTTGTCTGAGAAAAAACAAAGTGCTTCCCTTTAGAGTTACTGTTTGGGAAAAGCAGTGTTGAAGTTGATGC
hsa-mir-521-1,CCTGGAGCAAGAAGATCTCAGGCTGTGACCCTCCAAAGGGAAGAACTTTCTGTTGTCTAAAAGAAAAGAACGCACTTCCCTTTAGAGTGTTACCGTGTGAGAAAAGCAACGTTGAAGCTGATGCT
hsa-mir-521-2,GCTGGAGTAAGAAGGTCTCGGGCTGTGACTCTCCAAAGGGAAGAATTTTCTCTTGTCTAAAAGAAAAGAACGCACTTCCCTTTAGAGTGTTACCGTGTGAGAAAAGCAATGCTGAAGTTGATGCT
hsa-mir-522,GCTGGAGCAAGAAGATCTCAGGCTGTGTCCCTCTAGAGGGAAGCGCTTTCTGTTGTCTGAAAGAAAAGAAAATGGTTCCCTTTAGAGTGTTACGCTTTGAGAAAAGCATCGCTGATCTTGGTAAC
hsa-mir-523,GCTGGAGCAAGAAGATCTCATGCTGTGACCCTCTAGAGGGAAGCGCTTTCTGTTGTCTGAAAGAAAAGAACGCGCTTCCCTATAGAGGGTTACCCTTTGAGAAAAGCAGCATTGAAGTTGATGCT
hsa-mir-524,TTCTGGAGCAAGAAGATCTCATGCTGTGACCCTACAAAGGGAAGCACTTTCTCTTGTCCAAAGGAAAAGAAGGCGCTTCCCTTTGGAGTGTTACGGTTTGAGAAAAGCAGCGTTGAAGTTGATGC
hsa-mir-525,GCTGGAGCAAGAAGATCTCAAGCTGTGACTCTCCAGAGGGATGCACTTTCTCTTATGTGAAAAAAAAGAAGGCGCTTCCCTTTAGAGCGTTACGGTTTGGGTAAAGCAACGTTGAAGTTGATGCT
hsa-mir-526a-1,GCTGGAGCAAGAAGAGCTCAGGCTGTGACCCTCTAGAGGGAAGCACTTTCTGTTGCTTGAAAGAAGAGAAAGCGCTTCCTTTTAGAGGATTACTCTTTGAGAAAAACAACATTGAAGTTAATGCT
hsa-mir-526a-2,GTGCTGAAGTAAGAAGATCTCGTGCTGTGACCCTCTAGAGGGAAGCACTTTCTGTTGAAAGAAAAGAACATGCATCCTTTCAGAGGGTTACTCTTTGAGAAGAGCAACGTTTAGTTTGATGTTGA
hsa-mir-526b,ATCAGAGCAAGAAGATGTCAGGCTGTGACCCTCTTGAGGGAAGCACTTTCTGTTGTCTGAAAGAAGAGAAAGTGCTTCCTTTTAGAGGCTTACTGTCTGAGAAAAGCAACGTTGTAGTTGATGCT
hsa-mir-527,TGCCGGAGCAAGAAGATCTCAAGCTGTGACTGCAAAGGGAAGCCCTTTCTGTTGTCTAAAAGAAAAGAAAGTGCTTCCCTTTGGTGAATTACGGTTTGAGAAAAGCAACGTTGAAGTTGATGCTG
hsa-mir-532,AGCAGACCTCCCGACTTGCTTTCTCTCCTCCATGCCTTGAGTGTAGGACCGTTGGCATCTTAATTACCCTCCCACACCCAAGGCTTGCAGAAGAGCGAGCCTTCTCTTCCCTCTCCAGTGCATAG
hsa-mir-539,GGTGGTCCGTGCTGCTGTTTCATACTTGAGGAGAAATTATCCTTGGTGTGTTCGCTTTATTTATGATGAATCATACAAGGACAATTTCTTTTTGAGTATCAAATCTTGCCTCGGCAGACTTCCTG
hsa-mir-541,CTCTCTGAGCTCATGCCAACGTCAGGGAAAGGATTCTGCTGTCGGTCCCACTCCAAAGTTCACAGAATGGGTGGTGGGCACAGAATCTGGACTCTGCTTGTGGCATCCATCGTCTGGCCCGATGC
hsa-mir-542,ATCGGTCAAGGATGCACAGATCTCAGACATCTCGGGGATCATCATGTCACGAGATACCAGTGTGCACTTGTGACAGATTGATAACTGAAAGGTCTGGGAGCCACTCATCTTCATAGCAAAACATG
hsa-mir-543,GTCAACGGTGCTGACGTGCGGTACTTAATGAGAAGTTGCCCGTGTTTTTTTCGCTTTATTTGTGACGAAACATTCGCGGTGCACTTCTTTTTCAGTATCCTATTCTGCCTTGAAGACGTCTTGGT
hsa-mir-544a,AAATGCTCCTAAGATTTTCATCACCTAGGGATCTTGTTAAAAAGCAGATTCTGATTCAGGGACCAAGATTCTGCATTTTTAGCAAGTTCTCAAGTGATGCTAATACCGCCGGTCTGTGGACAACA
hsa-mir-545,TCCAGAGCCCAGCCTGGCACATTAGTAGGCCTCAGTAAATGTTTATTAGATGAATAAATGAATGACTCATCAGCAAACATTTATTGTGTGCCTGCTAAAGTGAGCTCCACAGGCTCTGGATTGTC
hsa-mir-551a,GGCTGCCAGAGGGGACTGCCGGGTGACCCTGGAAATCCAGAGTGGGTGGGGCCAGTCTGACCGTTTCTAGGCGACCCACTCTTGGTTTCCAGGGTTGCCCTGGAAACCACAGATGGGGAGGGGTT
hsa-mir-551b,AGATCTGCCAGATGTGCTCTCCTGGCCCATGAAATCAAGCGTGGGTGAGACCTGGTGCAGAACGGGAAGGCGACCCATACTTGGTTTCAGAGGCTGTGAGAATAACTGCAATTTAGAGGGAATAC
hsa-mir-552,GTTTGTTTAACCATTCAAATATACCACAGTTTGTTTAACCTTTTGCCTGTTGGTTGAAGATGCCTTTCAACAGGTGACTGGTTAGACAAACTGTGGTATATACACAGGATGGAATACTACTCAGC
hsa-mir-556,TAGGAGTTCACAAAGATAGTAATAAGAAAGATGAGCTCATTGTAATATGAGCTTCATTTATACATTTCATATTACCATTAGCTCATCTTTTTTATTACTACCTTCAACAAGGCCTTCTAGACTTA
hsa-mir-5579,GTGTGTGTGTAAGAACCATGTGGGTGATTTAATATGGTACTCCTTAAGCTAACAGGCCCCTGTCACCATTAGCTTAAGGAGTACCAGATCAAATCACCCACAAACACTGTGGAGGTGAACAGAGT
hsa-mir-5581,GTTTCTAGAGTAAGGAGTTTTGCTGGCCTCAAGCCTTCCAGGAGAAATGGAGACCCTATACATACCTGTTTCCATGCCTCCTAGAAGTTCCGAAGCCAGGGTAAGAGTTCTCATTCTAGAAACTG
hsa-mir-5586,GAAGACAGCATACCATTGGGCCTTGCTTCTTTATCCAGCTTGTTACTATATGCTTTTTAAATGGGGCACAGAGTGACAAGCTGGTTAAAGAAGCAAGACCCCTTCAAGATTATTATTGATATGTG
hsa-mir-561,TTGAAACTTCATCCACCAGTCCTCCAGGAACATCAAGGATCTTAAACTTTGCCAGAGCTACAAAGGCAAAGTTTAAGATCCTTGAAGTTCCTGGGGGAACCATGGATGGCTATCCTTATTTCTAT
hsa-mir-5687,AGCTCTAGTTGTTCTCTGCTCTCCTCACTTATCTGACTCTGAAATCTTCTAAATGGTACCCACTTTATTTAGAACGTTTTAGGGTCAAATAAGTACAGGTTGGAATCCTGAGTGCACCACTTAAC
hsa-mir-5691,GCTGCACGTAGCCCACGGGCTGTGTTGGACAAGCTTGCTCTGAGCTCCGAGAAAGCTGACAGACAGCTGCTTGGTGTTCAGAGCTTGTCTGTCCGTTTGGTCCTTTCCTCCTTTAGCGGGCATGT
hsa-mir-574,CGGCCGAGGGACCTGCGTGGGTGCGGGCGTGTGAGTGTGTGTGTGTGAGTGTGTGTCGCTCCGGGTCCACGCTCATGCACACACCCACACGCCCACACTCAGGGTCTGCCCCCTCGGCCTGCGTG
hsa-mir-576,TAACTGCACCATTTTACAATCCAACGAGGATTCTAATTTCTCCACGTCTTTGGTAATAAGGTTTGGCAAAGATGTGGAAAAATTGGAATCCTCATTCGATTGGTTATAACCATCCTAGTGGATGT
hsa-mir-577,CAAGGCAGGCTGTATTTGGGGGAGTGAAGAGTAGATAAAATATTGGTACCTGATGAATCTGAGGCCAGGTTTCAATACTTTATCTGCTCTTCATTTCCCCATATCTACTTACTGTAGGTACGGCC
hsa-mir-579,ATGGAGTCATATTAGGTTAATGCAAAAGTAATCGCGGTTTGTGCCAGATGACGATTTGAATTAATAAATTCATTTGGTATAAACCGCGATTATTTTTGCATCAACTTACTACAGTCTATGGTCTT
hsa-mir-580,TGAAGTTAGATAAAATTTCCAATTGGAACCTAATGATTCATCAGACTCAGATATTTAAGTTAACAGTATTTGAGAATGATGAATCATTAGGTTCCGGTCAGAAATTTTTCATTCAGTTTCAGAAT
hsa-mir-582,AGACCACAACAAGTCAATCTGTGCTCTTTGATTACAGTTGTTCAACCAGTTACTAATCTAACTAATTGTAACTGGTTGAACAACTGAACCCAAAGGGTGCAAAGTAGAAACATTTCATTGTGAAG
hsa-mir-584,CATGGGAGAGTGACTTAGGGTGACCAGCCATTATGGTTTGCCTGGGACTGAGGAATTTGCTGGGATATGTCAGTTCCAGGCCAACCAGGCTGGTTGGTCTCCCTGAAGCAACCTTCTTGCTTTTT
hsa-mir-585,GGGGGAGTGTGGGGTGTCTGTGCTATGGCAGCCCTAGCACACAGATACGCCCAGAGAAAGCCTGAACGTTGGGCGTATCTGTATGCTAGGGCTGCTGTAACAATGTACCACAAACTGGGTGCCTT
hsa-mir-588,ATGAGAACCGAAAATCAGCTTAGGTACCAATTTGGCCACAATGGGTTAGAACACTATTCCATTGTGTTCTTACCCACCATGGCCAAAATTGGGCCTAAGGGGTCCCAATTCCCGGCCTCAGCTCT
hsa-mir-589,GACAAACTCCAGCCTGTGCCCAGCAGCCCCTGAGAACCACGTCTGCTCTGAGCTGGGTACTGCCTGTTCAGAACAAATGCCGGTTCCCAGACGCTGCCAGCTGGCCCCGTTCCTCTGGATTCCTG
hsa-mir-590,TCTTAAAAGTCCTGTAGCCAGTCAGAAATGAGCTTATTCATAAAAGTGCAGTATGGTGAAGTCAATCTGTAATTTTATGTATAAGCTAGTCTCTGATTGAAACATGCAGCAGCTGTCTTCTTAGA
hsa-mir-599,TTTAATGCCAAAGACATGCTGTCCACAGTGTGTTTGATAAGCTGACATGGGACAGGGATTCTTTTCACTGTTGTGTCAGTTTATCAAACCCATACTTGGATGACAGTCAATTCAGTTAAAGGATA
hsa-mir-605,GTAACATATGTCTCTAGCCCTAGCTTGGTTCTAAATCCCATGGTGCCTTCTCCTTGGGAAAAACAGAGAAGGCACTATGAGATTTAGAATCAAGTTAGGACTGCAGATACAGGTTACCTATGTTA
hsa-mir-615,GATTCCAGCGACTCGGGAGGGGCGGGAGGGGGGTCCCCGGTGCTCGGATCTCGAGGGTGCTTATTGTTCGGTCCGAGCCTGGGTCTCCCTCTTCCCCCCAACCCCCCCTCAGCCCCTCCGGCTGC
hsa-mir-616,TGGTCAGGAATTACCTTAGGTAATTCCTCCACTCAAAACCCTTCAGTGACTTCCATGACATGAAATAGGAAGTCATTGGAGGGTTTGAGCAGAGGAATGACCTGTTTTAAAAGGCTCACTCAGGC
hsa-mir-624,GCTTTTGACCAATATATAATGCTGTTTCAAGGTAGTACCAGTACCTTGTGTTCAGTGGAACCAAGGTAAACACAAGGTATTGGTATTACCTTGAGATAGCATTACACCTAAGTGGTTTCAGTGAA
hsa-mir-625,TACTGATGTGGTGGTAAGGGTAGAGGGATGAGGGGGAAAGTTCTATAGTCCTGTAATTAGATCTCAGGACTATAGAACTTTCCCCCTCATCCCTCTGCCCTCTACCAACTGTGAGCCTGAGTTGA
hsa-mir-627,TTACTTATTACTGAATTACTTATTACTGGTAGTGAGTCTCTAAGAAAAGAGGAGGTGGTTGTTTTCCTCCTCTTTTCTTTGAGACTCACTACCAATAATAAGAAATACTACTAATGGGCATAAGC
hsa-mir-628,TATCGGAGATAGCTGTTGTGTCACTTCCTCATGCTGACATATTTACTAGAGGGTAAAATTAATAACCTTCTAGTAAGAGTGGCAGTCGAAGGGAAGGGCTCATCTGACTTCTGGAAACCTATGTT
hsa-mir-629,TGCTTCATGTCCCTTTCCCAGGGGAGGGGCTGGGTTTACGTTGGGAGAACTTTTACGGTGAACCAGGAGGTTCTCCCAACGTAAGCCCAGCCCCTCCCCTCTGCCTGCCTCAACCCTACACAGTC
hsa-mir-641,AGGTTCCAGGCTGGGTGAAAGGAAGGAAAGACATAGGATAGAGTCACCTCTGTCCTCTGTCCTCTACCTATAGAGGTGACTGTCCTATGTCTTTCCTTCCTCTTACCCCTGAGCCTCAGGCTGCC
hsa-mir-642a,ACACTCTCCACAGTTTATCTGAGTTGGGAGGGTCCCTCTCCAAATGTGTCTTGGGGTGGGGGATCAAGACACATTTGGAGAGGGAACCTCCCAACTCGGCCTCTGCCATCATTTAACTCTCCCAG
hsa-mir-6509,GAGGAAGTACTTCTGCTTTTTGTGTGTGAAATTAGGTAGTGGCAGTGGAACACTATATTAATCAGGTTTCCACTGCCACTACCTAATTTCTCAGATGGAAATGAGTCACCAGAAAGTCAGTATTG
hsa-mir-651,CCCTAGATCTACAGAAATCTATCACTGCTTTTTAGGATAAGCTTGACTTTTGTTCAAATAAAAATGCAAAAGGAAAGTGTATCCTAAAAGGCAATGACAGTTTAATGTGTTTCTGACATGCAACC
hsa-mir-652,AGGGCCGCCACGAATGGCTATGCACTGCACAACCCTAGGAGAGGGTGCCATTCACATAGACTATAATTGAATGGCGCCACTAGGGTTGTGCAGTGCACAACCTACACAACTGTACTCGGCGGCCC
hsa-mir-653,ACAACAGAGGTTCTAATTTTTCATTCCTTCAGTGTTGAAACAATCTCTACTGAACCAGCTTCAAACAAGTTCACTGGAGTTTGTTTCAATATTGCAAGAATGATAAGATGGAAGCTACTTTCATC
hsa-mir-654,GGGGCTGAGCCCTCCAGGGTAAGTGGAAAGATGGTGGGCCGCAGAACATGTGCTGAGTTCGTGCCATATGTCTGCTGACCATCACCTTTAGAAGCCCCCTTTCGCTGAGGAGCCAGCTTGGTGCA
hsa-mir-655,CGTTTCAGAACTATGCAAGGATATTTGAGGAGAGGTTATCCGTGTTATGTTCGCTTCATTCATCATGAATAATACATGGTTAACCTCTTTTTGAATATCAGACTCTGCCTCGGAGGGCCGCCCCC
hsa-mir-656,TGGAGTCAGTGCTGCTCAGTGGTACCTGAAATAGGTTGCCTGTGAGGTGTTCACTTTCTATATGATGAATATTATACAGTCAACCTCTTTCCGATATCGAATCCCACCTTGGATGCCTTCCTCTT
hsa-mir-660,GTGCAGAAGAATGAACTGCTCCTTCTCCCATACCCATTGCATATCGGAGTTGTGAATTCTCAAAACACCTCCTGTGTGCATGGATTACAGGAGGGTGAGCCTTGTCATCGTGAATCTTCTGCTGA
hsa-mir-670,TTCTTCATCCAGTTTAGGGGTGGACCTGATGTCCCTGAGTGTATGTGGTGAACCTGAATTTGCCTTGGGTTTCCTCATATTCATTCAGGAGTGTCAGTTGCCCCTTCACGCGACGTTGGAGAGCA
hsa-mir-671,TGGCAGGTGAACTGGCAGGCCAGGAAGAGGAGGAAGCCCTGGAGGGGCTGGAGGTGATGGATGTTTTCCTCCGGTTCTCAGGGCTCCACCTCTTTCGGGCCGTAGAGCCAGGGCTGGTGCAGAAG
hsa-mir-6720,CGTTGAGCGAGAGATTGTGGCGCACCGAGTTCTTCCAGCCCTGGTAGGCGCCGCGGAAGAAGGGGAAGCGCGCCTGCAGGAACTGGTAGATCTCGCTGAGCGTCAGGCGCTTGCTGGGCGAGCTC
hsa-mir-6746,ACCCTTGGCCCCAGCCAGCCCCGTGACCTTGCCCGGGAGAAGGAGGTGGCCTGGAGAGCTGCTGTCTCCAGCCGCCGCCTGTCTCCACAGTATGGCAAGAAGAAACGCAGATACCTACCCTACAA
hsa-mir-675,GCCGGTCCCACGAGGCACTGCGGCCCAGGGTCTGGTGCGGAGAGGGCCCACAGTGGACTTGGTGACGCTGTATGCCCTCACCGCTCAGCCCCTGGGGCTGGCTTGGCAGACAGTACAGCATCCAG
hsa-mir-676,CTTCATATCAGATTCTCACCTGAACGCATGACTCTTCAACCTCAGGACTTGCAGAATTAATGGAATGCTGTCCTAAGGTTGTTGAGTTGTGCATTTCTGGGCATTTCATCTCTATGGGGAAGTAC
hsa-mir-7-1,GATTCATTGGATGTTGGCCTAGTTCTGTGTGGAAGACTAGTGATTTTGTTGTTTTTAGATAACTAAATCGACAACAAATCACAGTCTGCCATATGGCACAGGCCATGCCTCTACAGGACAAATGA
hsa-mir-7-2,GGATACAGAGTGGACCGGCTGGCCCCATCTGGAAGACTAGTGATTTTGTTGTTGTCTTACTGCGCTCAACAACAAATCCCAGTCTACCTAATGGTGCCAGCCATCGCAGCGGGGTGCAGGAAATG
hsa-mir-7-3,AGATTAGAGTGGCTGTGGTCTAGTGCTGTGTGGAAGACTAGTGATTTTGTTGTTCTGATGTACTACGACAACAAGTCACAGCCGGCCTCATAGCGCAGACTCCCTTCGACCTTCGCCTTCAATGG
hsa-mir-708,CTGTGTGTGAAATGGTAACTGCCCTCAAGGAGCTTACAATCTAGCTGGGGGTAAATGACTTGCACATGAACACAACTAGACTGTGAGCTTCTAGAGGGCAGGGACCTTACCCTAGTCATCTCTCT
hsa-mir-7151,CACCTTGACAAAACAGCCATGCGTTGCTGGGGATCCATCTCTGCCTGTATTGGCTTGGATTCTGCAAAGCCTACAGGCTGGAATGGGCTCAAAGCAACATTGGCAGCTCATCCCTCCCCACTGGG
hsa-mir-744,AGCACACTGGGTTGGGCAAGGTGCGGGGCTAGGGCTAACAGCAGTCTTACTGAAGGTTTCCTGGAAACCACGCACATGCTGTTGCCACTAACCTCAACCTTACTCGGTCCTGACCGGCTCGGCTT
hsa-mir-758,CGTGGTGTCAGCACGTGCCTGGATACATGAGATGGTTGACCAGAGAGCACACGCTTTATTTGTGCCGTTTGTGACCTGGTCCACTAACCCTCAGTATCTAATGCCCCCTTGGAGAACTTCCTGGA
hsa-mir-760,CGGAGGATGCTGCGGCGCGGGGCGCGTCGCCCCCCTCAGTCCACCAGAGCCCGGATACCTCAGAAATTCGGCTCTGGGTCTGTGGGGAGCGAAATGCAACCCAAACCCCGTTTTTCGAACCCCGC
hsa-mir-766,AGCTGCATCCTCAGGACCTGGGCTTGGGTGGTAGGAGGAATTGGTGCTGGTCTTTCATTTTGGATTTGACTCCAGCCCCACAGCCTCAGCCACCCCAGCCAATTGTCATAGGAGCTGGATTGGAA
hsa-mir-769,GCCTTGGTGCTGATTCCTGGGCTCTGACCTGAGACCTCTGGGTTCTGAGCTGTGATGTTGCTCTCGAGCTGGGATCTCCGGGGTCTTGGTTCAGGGCCGGGGCCTCTGGGTTCCAAGCACCAGTG
hsa-mir-770,TTCATGTGTCAGGAGCCACCTTCCGAGCCTCCAGTACCACGTGTCAGGGCCACATGAGCTGGGCCTCGTGGGCCTGATGTGGTGCTGGGGCCTCAGGGGTCTGCTCTTCTTCTCTTTCAGAATCT
hsa-mir-802,TTGGTCACCACTCGTTCTGTTATTTGCAGTCAGTAACAAAGATTCATCCTTGTGTCCATCATGCAACAAGGAGAATCTTTGTCACTTAGTGTAATTAATAGCTGGACCTTGCAAAGGAAGGTGGG
hsa-mir-873,GGTTCCTGCTTAGAATAAGTTTGTGTGCATTTGCAGGAACTTGTGAGTCTCCTATTGAAAATGAACAGGAGACTGATGAGTTCCCGGGAACACCCACAAATCTTCCTACTCATTTCTACTGCTTT
hsa-mir-874,TCCATCGGATGAATTGTTGGTGTTAGCCCTGCGGCCCCACGCACCAGGGTAAGAGAGACTCTCGCTTCCTGCCCTGGCCCGAGGGACCGACTGGCTGGGCCTGCCTTCTGCCCAGCTCACCGGTC
hsa-mir-875,AGTTTTTGGAAAATTCTTAAAGTTTAGTGGTACTATACCTCAGTTTTATCAGGTGTTCTTAAAATCACCTGGAAACACTGAGGTTGTGTCTCACTGAACATAAGCTTCGTGACTTCTATTCAGAA
hsa-mir-885,AGAAGGCCCAGTCTGCTACTCGGCCCGCACTCTCTCCATTACACTACCCTGCCTCTTCTCCATGAGAGGCAGCGGGGTGTAGTGGATAGAGCACGGGTTCAAGTCCCGGCTCCACCACTCACAGC
hsa-mir-887,ATGCCGTCAGAGAGCCCCGGGGTGCAGATCCTTGGGAGCCCTGTTAGACTCTGGATTTTACACTTGGAGTGAACGGGCGCCATCCCGAGGCTTTGCACAGGGGCAAGCTTCGAGTTCCGTTTTCC
hsa-mir-888,CTCCACAATTAGCCATGTTGTGGGCAGTGCTCTACTCAAAAAGCTGTCAGTCACTTAGATTACATGTGACTGACACCTCTTTGGGTGAAGGAAGGCTCACCAAGTACACTTTTGTGGTGGTCCTC
hsa-mir-889,CTTGATGGCACAGTTCTTTGGTGCTTAAAGAATGGCTGTCCGTAGTATGGTCTCTATATTTATGATGATTAATATCGGACAACCATTGTTTTAGTATCCAAATTTGCTTCAGAAGTTTTTGAAAG
hsa-mir-890,CTCTACAATCAGACATGCTGTGGGAAGTGCCCTACTTGGAAAGGCATCAGTTGCTTAGATTACATGTAACTATTCCCTTTCTGAGTAGAGTAAGTCTTACCAAGTACAAGTTCATGGTGACCTTC
hsa-mir-892a,TCACAATCAGCCATGCTGTGGGCAGTGCCTTACTCAGAAAGGTGCCAGTCACTTACACTACATGTCACTGTGTCCTTTCTGCGTAGAGTAAGGCTCACTAAGTACAAGTTTGTGGTGGCCTTCGG
hsa-mir-892b,TTCCGCAATCAGCCATGCTGTGTGCAATGCCCTACTCAGAAAGGTGCCATTTATGTAGATTTTATGTCACTGGCTCCTTTCTGGGTAGAGCAAGGCTCACCATGTATATATTTGTGGTGGCCTTT
hsa-mir-892c,CTCCACTATCAGTCGTGCTGTGGGCAGTGCCCTATTCAGAAAGGTGCCAGTCACTTAGATTACATGTCACTGTTTCCTTTCTGAGTGGAGTAGGGCTTACCAAGTACAAGTGTGTGGTGGTCTTC
hsa-mir-9-1,ACAGCAGCCAGGAGGCGGGGTTGGTTGTTATCTTTGGTTATCTAGCTGTATGAGTGGTGTGGAGTCTTCATAAAGCTAGATAACCGAAAGTAAAAATAACCCCATACACTGCGCAGAGGGGCCCG
hsa-mir-9-2,GACAGAGGCCTGTGTGGGAAGCGAGTTGTTATCTTTGGTTATCTAGCTGTATGAGTGTATTGGTCTTCATAAAGCTAGATAACCGAAAGTAAAAACTCCTTCAAGATCGCCGGGGAGCGTGTGAG
hsa-mir-9-3,CGGCACTGGCTAAGGGAGGCCCGTTTCTCTCTTTGGTTATCTAGCTGTATGAGTGCCACAGAGCCGTCATAAAGCTAGATAACCGAAAGTAGAAATGATTCTCACAACTTCTGCGTGCGAGCGCC
hsa-mir-92a-1,AGTAAGGGAAACTCAAACCCCTTTCTACACAGGTTGGGATCGGTTGCAATGCTGTGTTTCTGTATGGTATTGCACTTGTCCCGGCCTGTTGAGTTTGGTGGGGATTGTGACCAGAAGATTTTGAA
hsa-mir-92a-2,TATCTCCAGCACTCATGCCCATTCATCCCTGGGTGGGGATTTGTTGCATTACTTGTGTTCTATATAAAGTATTGCACTTGTCCCGGCCTGTGGAAGAAAGGAGGATTTTTATCGTCTTCTTATTT
hsa-mir-92b,GCGGGATCCCGGGCCCCGGGCGGGCGGGAGGGACGGGACGCGGTGCAGTGTTGTTTTTTCCCCCGCCAATATTGCACTCGTCCCGGCCTCCGGCCCCCCCGGCCCCCCGGCCTCCCCGCTACCCC
hsa-mir-93,TCCCGTCTTGGACCTCAGTCCTGGGGGCTCCAAAGTGCTGTTCGTGCAGGTAGTGTGATTACCCAACCTACTGCTGAGCTAGCACTTCCCGAGCCCCCGGGACACGTTCTCTCTGCCAATTGTCT
hsa-mir-934,TCCTGAGAACGAACTTGAGAAATAAGGCTTCTGTCTACTACTGGAGACACTGGTAGTATAAAACCCAGAGTCTCCAGTAATGGACGGGAGCCTTATTTCTATCACTCAGTGTTTTCATAGATAGA
hsa-mir-941-1,CGGAAGAGGACACACCCGGCTGTGTGGACATGTGCCCAGGGCCCGGGACAGCGCCACGGAAGAGGACGCACCCGGCTGTGTGCACATGTGCCCAGGGCCCGGGACAGCGCCACGGAAGAGGACGC
hsa-mir-941-2,ACGGAAGAGGACGCACCCGGCTGTGTGCACATGTGCCCAGGGCCCGGGACAGCGCCACGGAAGAGGACGCACCCGGCTGTGTGCACATGTGCCCAGGGCCCGGGACAGCGCCACGGAAGAGGACG
hsa-mir-941-3,ACGGAAGAGGACGCACCCGGCTGTGTGCACATGTGCCCAGGGCCCGGGACAGCGCCACGGAAGAGGACGCACCCGGCTGTGTGCACATGTGCCCAGGGCCCGGGACAGCGCCACGGAAGAGGACG
hsa-mir-941-4,ACGGAAGAGGACGCACCCGGCTGTGTGCACATGTGCCCAGGGCCCGGGACAGCGCCACGGAAGAGGACGCACCCGGCTGTGTGCACATGTGCCCAGGGCCCGGGACAGCGCCATGGAAGAGGACG
hsa-mir-941-5,ATGGAAGAGGACGCACCCGGCTGTGTGCACATGTGCCCAGGGCCCGGGACAGCGCCACGGAAGAGGACGCACCCGGCTGTGTGCACATGTGCCCAGGGCCCGGGACAGCGCCACGGAAGAGGATG
hsa-mir-942,TTCTTCTTCAGCAAACATTAGGAGAGTATCTTCTCTGTTTTGGCCATGTGTGTACTCACAGCCCCTCACACATGGCCGAAACAGAGAAGTTACTTTCCTAATATTTGCCTCCTTGGAGTGTCTCA
hsa-mir-944,TAAATTTGTATTTATGTTCCAGACACATCTCATCTGATATACAATATTTTCTTAAATTGTATAAAGAGAAATTATTGTACATCGGATGAGCTGTGTCTGGGATTAAGTATTAGCTCCACTGTAAC
hsa-mir-95,AGGTAGGATTGTGACACCCAACACAGTGGGCACTCAATAAATGTCTGTTGAATTGAAATGCGTTACATTCAACGGGTATTTATTGAGCACCCACTCTGTGCCAGACGCTGAGCGGGGCGCCGAGG
hsa-mir-96,CCGCACCAGTGCCATCTGCTTGGCCGATTTTGGCACTAGCACATTTTTGCTTGTGTCTCTCCGCTCTGAGCAATCATGTGCAGTGCCAATATGGGAAAAGCAGGACCCGCAGCTGCGTCCGCCTC
hsa-mir-98,AGGATTCTGCTCATGCCAGGGTGAGGTAGTAAGTTGTATTGTTGTGGGGTAGGGATATTAGGCCCCAATTAGAAGATAACTATACAACTTACTACTTTCCCTGGTGTGTGGCATATTCACACTTA
hsa-mir-99a,GGCCCATGCAAGATGTTGCCCATTGGCATAAACCCGTAGATCCGATCTTGTGGTGAAGTGGACCGCACAAGCTCGCTTCTATGGGTCTGTGTCAGTGTGGTAATCTGACAAAATGCTATACACAG
hsa-mir-99b,CGGGGGCCCGGACTCCTGGGTCCTGGCACCCACCCGTAGAACCGACCTTGCGGGGCCTTCGCCGCACACAAGCTCGTGTCTGTGGGTCCGTGTCGGGGGCTCACCATCGCGGCTGGGGCCTCCCC
IRES-domainII,CCATGAATCACTCCCCTGTGAGGAACTACTGTCTTCACGCAGAAAGCGTCTAGCCATGGCGTTAGTATGAGTGTCGTGCAGCCTCCAGGACCCCC
U1-snRNA,ATACTTACCTGGCAGGGGAGATACCATGATCACGAAGGTGGTTTTCCCAGGGCGAGGCTTATCCATTGCACTCCGGATGTGCTGACCCCTGCGATTTCCCCAAATGTGGGAAACTCGACTGCATAATTTGTGGTAGTGGGGGACTGCGTTCGCGCTTTCCCCTG
Yeast-tRNAasp,GCCGTGATAGTTTAATGGTCAGAATGGGCGCTTGTCGCGTGCCAGATCGGGGTTCAATTCCCCGTCGCGGCGCCA
