,Precursor,5p,3p,Guide
hsa-let-7a-1,UGAGGUAGUAGGUUGUAUAGUUUUAGGGUCACACCCACCACUGGGAGAUAACUAUACAAUCUACUGUCUUUC,UGAGGUAGUAGGUUGUAUAGUU,CUAUACAAUCUACUGUCUUUC,5p
hsa-let-7a-2,UGAGGUAGUAGGUUGUAUAGUUUAGAAUUACAUCAAGGGAGAUAACUGUACAGCCUCCUAGCUUUCC,UGAGGUAGUAGGUUGUAUAGUU,CUGUACAGCCUCCUAGCUUUCC,5p
hsa-let-7a-3,UGAGGUAGUAGGUUGUAUAGUUUGGGGCUCUGCCCUGCUAUGGGAUAACUAUACAAUCUACUGUCUUUC,UGAGGUAGUAGGUUGUAUAGUU,CUAUACAAUCUACUGUCUUUC,5p
hsa-let-7b,UGAGGUAGUAGGUUGUGUGGUUUCAGGGCAGUGAUGUUGCCCCUCGGAAGAUAACUAUACAACCUACUGCCUUCC,UGAGGUAGUAGGUUGUGUGGUU,CUAUACAACCUACUGCCUUCC,5p
hsa-let-7c,UGAGGUAGUAGGUUGUAUGGUUUAGAGUUACACCCUGGGAGUUAACUGUACAACCUUCUAGCUUUCC,UGAGGUAGUAGGUUGUAUGGUU,CUGUACAACCUUCUAGCUUUCC,5p
hsa-let-7d,AGAGGUAGUAGGUUGCAUAGUUUUAGGGCAGGGAUUUUGCCCACAAGGAGGUAACUAUACGACCUGCUGCCUUUC,AGAGGUAGUAGGUUGCAUAGUU,CUAUACGACCUGCUGCCUUUC,5p
hsa-let-7e,UGAGGUAGGAGGUUGUAUAGUUGAGGAGGACACCCAAGGAGAUCACUAUACGGCCUCCUAGCUUUCC,UGAGGUAGGAGGUUGUAUAGUU,CUAUACGGCCUCCUAGCUUUCC,5p
hsa-let-7f-1,UGAGGUAGUAGAUUGUAUAGUUGUGGGGUAGUGAUUUUACCCUGUUCAGGAGAUAACUAUACAAUCUAUUGCCUUCC,UGAGGUAGUAGAUUGUAUAGUU,CUAUACAAUCUAUUGCCUUCC,5p
hsa-let-7f-2,UGAGGUAGUAGAUUGUAUAGUUUUAGGGUCAUACCCCAUCUUGGAGAUAACUAUACAGUCUACUGUCUUUC,UGAGGUAGUAGAUUGUAUAGUU,CUAUACAGUCUACUGUCUUUC,5p
hsa-let-7g,UGAGGUAGUAGUUUGUACAGUUUGAGGGUCUAUGAUACCACCCGGUACAGGAGAUAACUGUACAGGCCACUGCCUUGC,UGAGGUAGUAGUUUGUACAGUU,CUGUACAGGCCACUGCCUUGC,5p
hsa-let-7i,UGAGGUAGUAGUUUGUGCUGUUGGUCGGGUUGUGACAUUGCCCGCUGUGGAGAUAACUGCGCAAGCUACUGCCUUGC,UGAGGUAGUAGUUUGUGCUGUU,CUGCGCAAGCUACUGCCUUGC,5p
hsa-mir-1-1,ACAUACUUCUUUAUAUGCCCAUAUGGACCUGCUAAGCUAUGGAAUGUAAAGAAGUAUGUAU,ACAUACUUCUUUAUAUGCCCAUA,UGGAAUGUAAAGAAGUAUGUAU,3p
hsa-mir-1-2,ACAUACUUCUUUAUGUACCCAUAUGAACAUACAAUGCUAUGGAAUGUAAAGAAGUAUGUAU,ACAUACUUCUUUAUGUACCCAU,UGGAAUGUAAAGAAGUAUGUAU,3p
hsa-mir-100,AACCCGUAGAUCCGAACUUGUGGUAUUAGUCCGCACAAGCUUGUAUCUAUAGGUAUG,AACCCGUAGAUCCGAACUUGUG,CAAGCUUGUAUCUAUAGGUAUG,5p
hsa-mir-101-1,CAGUUAUCACAGUGCUGAUGCUGUCUAUUCUAAAGGUACAGUACUGUGAUAACUGAA,CAGUUAUCACAGUGCUGAUGCU,GUACAGUACUGUGAUAACUGAA,3p
hsa-mir-101-2,CGGUUAUCAUGGUACCGAUGCUGUAUAUCUGAAAGGUACAGUACUGUGAUAACUGAA,CGGUUAUCAUGGUACCGAUGCUG,GUACAGUACUGUGAUAACUGAA,3p
hsa-mir-103a-1,GGCUUCUUUACAGUGCUGCCUUGUUGCAUAUGGAUCAAGCAGCAUUGUACAGGGCUAUGA,GGCUUCUUUACAGUGCUGCCUUG,AGCAGCAUUGUACAGGGCUAUGA,3p
hsa-mir-103a-2,AGCUUCUUUACAGUGCUGCCUUGUAGCAUUCAGGUCAAGCAGCAUUGUACAGGGCUAUGA,AGCUUCUUUACAGUGCUGCCUUGU,AGCAGCAUUGUACAGGGCUAUGA,3p
hsa-mir-105-1,UCAAAUGCUCAGACUCCUGUGGUGGCUGCUCAUGCACCACGGAUGUUUGAGCAUGUGCU,UCAAAUGCUCAGACUCCUGUGGUG,CCACGGAUGUUUGAGCAUGUGCU,5p
hsa-mir-105-2,UCAAAUGCUCAGACUCCUGUGGUGGCUGCUUAUGCACCACGGAUGUUUGAGCAUGUGCU,UCAAAUGCUCAGACUCCUGUGGUG,CCACGGAUGUUUGAGCAUGUGCU,5p
hsa-mir-106a,AAAAGUGCUUACAGUGCAGGUAGCUUUUUGAGAUCUACUGCAAUGUAAGCACUUCUUAC,AAAAGUGCUUACAGUGCAGGUAG,ACUGCAAUGUAAGCACUUCUUAC,5p
hsa-mir-106b,UAAAGUGCUGACAGUGCAGAUAGUGGUCCUCUCCGUGCUACCGCACUGUGGGUACUUGCUG,UAAAGUGCUGACAGUGCAGAU,CCGCACUGUGGGUACUUGCUG,5p
hsa-mir-107,AGCUUCUUUACAGUGUUGCCUUGUGGCAUGGAGUUCAAGCAGCAUUGUACAGGGCUAUCA,AGCUUCUUUACAGUGUUGCCUUG,AGCAGCAUUGUACAGGGCUAUCA,3p
hsa-mir-10a,UACCCUGUAGAUCCGAAUUUGUGUAAGGAAUUUUGUGGUCACAAAUUCGUAUCUAGGGGAAUA,UACCCUGUAGAUCCGAAUUUGU,AAAUUCGUAUCUAGGGGAAUA,5p
hsa-mir-10b,UACCCUGUAGAACCGAAUUUGUGUGGUAUCCGUAUAGUCACAGAUUCGAUUCUAGGGGAAUA,UACCCUGUAGAACCGAAUUUGU,AGAUUCGAUUCUAGGGGAAUA,5p
hsa-mir-1179,AAGCAUUCUUUCAUUGGUUGGUGUGUAUUGCCUUGUCAACCAAUAAGAGGAUGCCAUU,AAGCAUUCUUUCAUUGGUUGGU,CAACCAAUAAGAGGAUGCCAUU,5p
hsa-mir-1180,GGACCCACCCGGCCGGGAAUAGUGCUCCUGGUUGUUUCCGGCUCGCGUGGGUGUGU,GGACCCACCCGGCCGGGAAUA,UUUCCGGCUCGCGUGGGUGUGU,3p
hsa-mir-1185-1,AGAGGAUACCCUUUGUAUGUUCACUUGAUUAAUGGCGAAUAUACAGGGGGAGACUCUUAU,AGAGGAUACCCUUUGUAUGUUC,AUAUACAGGGGGAGACUCUUAU,3p
hsa-mir-1185-2,AGAGGAUACCCUUUGUAUGUUCACUUGAUUAAUGGCGAAUAUACAGGGGGAGACUCUCAU,AGAGGAUACCCUUUGUAUGUUC,AUAUACAGGGGGAGACUCUCAU,5p
hsa-mir-1193,AUGGUAGACCGGUGACGUGCACUUCAUUUACGAUGUAGGUCACCCGUUUGACUAUCC,AUGGUAGACCGGUGACGUGCA,UAGGUCACCCGUUUGACUAUCC,3p
hsa-mir-1197,CGGUUGACCAUGGUGUGUACGCUUUAUUUGUGACGUAGGACACAUGGUCUACUUCU,CGGUUGACCAUGGUGUGUACG,UAGGACACAUGGUCUACUUCU,3p
hsa-mir-122,UGGAGUGUGACAAUGGUGUUUGUGUCUAAACUAUCAAACGCCAUUAUCACACUAAAUA,UGGAGUGUGACAAUGGUGUUUG,AACGCCAUUAUCACACUAAAUA,5p
hsa-mir-124-1,CGUGUUCACAGCGGACCUUGAUUUAAAUGUCCAUACAAUUAAGGCACGCGGUGAAUGCCAA,CGUGUUCACAGCGGACCUUGAU,UAAGGCACGCGGUGAAUGCCAA,3p
hsa-mir-124-2,CGUGUUCACAGCGGACCUUGAUUUAAUGUCAUACAAUUAAGGCACGCGGUGAAUGCCAA,CGUGUUCACAGCGGACCUUGAU,UAAGGCACGCGGUGAAUGCCAA,3p
hsa-mir-124-3,CGUGUUCACAGCGGACCUUGAUUUAAUGUCUAUACAAUUAAGGCACGCGGUGAAUGCCAA,CGUGUUCACAGCGGACCUUGAU,UAAGGCACGCGGUGAAUGCCAA,3p
hsa-mir-1245b,UAGGCCUUUAGAUCACUUAAAGAGUAUUCAACAUCAGAUGAUCUAAAGGCCUAUA,UAGGCCUUUAGAUCACUUAAA,UCAGAUGAUCUAAAGGCCUAUA,5p
hsa-mir-1247,ACCCGUCCCGUUCGUCCCCGGACGUUGCUCUCUACCCCGGGAACGUCGAGACUGGAGC,ACCCGUCCCGUUCGUCCCCGGA,CGGGAACGUCGAGACUGGAGC,5p
hsa-mir-1249,AGGAGGGAGGAGAUGGGCCAAGUUCCCUCUGGCUGGAACGCCCUUCCCCCCCUUCUUCA,AGGAGGGAGGAGAUGGGCCAAGUUC,ACGCCCUUCCCCCCCUUCUUCA,3p
hsa-mir-1251,ACUCUAGCUGCCAAAGGCGCUUCUCCUUCUGAACAGAGCGCUUUGCUCAGCCAGUGUAG,ACUCUAGCUGCCAAAGGCGCU,CGCUUUGCUCAGCCAGUGUAG,5p
hsa-mir-1252,AGAAGGAAAUUGAAUUCAUUUAGAAAAGAGAAUUCCAAAUGAGCUUAAUUUCCUUUUUU,AGAAGGAAAUUGAAUUCAUUUA,AAUGAGCUUAAUUUCCUUUUUU,5p
hsa-mir-1256,AGGCAUUGACUUCUCACUAGCUGUGAAAGUCCUAGCUAAAGAGAAGUCAAUGCAUGA,AGGCAUUGACUUCUCACUAGCU,CUAAAGAGAAGUCAAUGCAUGA,3p
hsa-mir-125a,UCCCUGAGACCCUUUAACCUGUGAGGACAUCCAGGGUCACAGGUGAGGUUCUUGGGAGCC,UCCCUGAGACCCUUUAACCUGUGA,ACAGGUGAGGUUCUUGGGAGCC,5p
hsa-mir-125b-1,UCCCUGAGACCCUAACUUGUGAUGUUUACCGUUUAAAUCCACGGGUUAGGCUCUUGGGAGCU,UCCCUGAGACCCUAACUUGUGA,ACGGGUUAGGCUCUUGGGAGCU,5p
hsa-mir-125b-2,UCCCUGAGACCCUAACUUGUGAGGUAUUUUAGUAACAUCACAAGUCAGGCUCUUGGGACCU,UCCCUGAGACCCUAACUUGUGA,ACAAGUCAGGCUCUUGGGACCU,5p
hsa-mir-126,CAUUAUUACUUUUGGUACGCGCUGUGACACUUCAAACUCGUACCGUGAGUAAUAAUGCG,CAUUAUUACUUUUGGUACGCG,CGUACCGUGAGUAAUAAUGCG,5p
hsa-mir-1264,AGGUCCUCAAUAAGUAUUUGUUGAAAGAAUAAAUAAACCAACAAGUCUUAUUUGAGCACCUGU,AGGUCCUCAAUAAGUAUUUGUU,CAAGUCUUAUUUGAGCACCUGU,3p
hsa-mir-1266,CCUCAGGGCUGUAGAACAGGGCUGGGAUUACUAAAGCCCUGUUCUAUGCCCUGAGGGA,CCUCAGGGCUGUAGAACAGGGCU,CCCUGUUCUAUGCCCUGAGGGA,5p
hsa-mir-1269a,AGUUGGCAUGGCUCAGUCCAAGUCUGACCACCUGAGGAAUGCCUGGACUGAGCCGUGCUACUGG,AGUUGGCAUGGCUCAGUCCAAGU,CUGGACUGAGCCGUGCUACUGG,3p
hsa-mir-127,CUGAAGCUCAGAGGGCUCUGAUUCAGAAAGAUCAUCGGAUCCGUCUGAGCUUGGCU,CUGAAGCUCAGAGGGCUCUGAUU,UCGGAUCCGUCUGAGCUUGGCU,3p
hsa-mir-1270,CUGGAGAUAUGGAAGAGCUGUGUUGGGUAUAAGUAACAGGCUUUUCUUUAUCUUCUAUG,CUGGAGAUAUGGAAGAGCUGUGU,CAGGCUUUUCUUUAUCUUCUAUG,5p
hsa-mir-1271,CUUGGCACCUAGCAAGCACUCAGUAAAUAUUUGUUGAGUGCCUGCUAUGUGCCAGGCA,CUUGGCACCUAGCAAGCACUCA,AGUGCCUGCUAUGUGCCAGGCA,5p
hsa-mir-1276,UAAAGAGCCCUGUGGAGACACCUGGAUUCAGAGAACAUGUCUCCACUGAGCACUUGGGCC,UAAAGAGCCCUGUGGAGACACC,UGUCUCCACUGAGCACUUGGGCC,5p
hsa-mir-1277,UAUAUAUAUAUAUGUACGUAUGUGUAUAUAAAUGUAUACGUAGAUAUAUAUGUAUUUU,UAUAUAUAUAUAUGUACGUAUG,UACGUAGAUAUAUAUGUAUUUU,5p
hsa-mir-1278,AGAUGAUAUGCAUAGUACUCCCAGAACUCAUUAAGUUGGUAGUACUGUGCAUAUCAUCUAU,AGAUGAUAUGCAUAGUACUCCC,UAGUACUGUGCAUAUCAUCUAU,3p
hsa-mir-128-1,CGGGGCCGUAGCACUGUCUGAGAGGUUUACAUUUCUCACAGUGAACCGGUCUCUUU,CGGGGCCGUAGCACUGUCUGAGA,UCACAGUGAACCGGUCUCUUU,3p
hsa-mir-128-2,GGGGGCCGAUACACUGUACGAGAGUGAGUAGCAGGUCUCACAGUGAACCGGUCUCUUU,GGGGGCCGAUACACUGUACGAGA,UCACAGUGAACCGGUCUCUUU,3p
hsa-mir-1283-1,CUACAAAGGAAAGCGCUUUCUGUUGUCAGAAAGAAGAGAAAGCGCUUCCCUUUUGAGGG,CUACAAAGGAAAGCGCUUUCU,AAAGCGCUUCCCUUUUGAGGG,5p
hsa-mir-1283-2,CUACAAAGGAAAGCGCUUUCUGUUGUCUGAAAGAAAAGAAAUCGCUUCCCUUUGGAGUG,CUACAAAGGAAAGCGCUUUCU,AAAUCGCUUCCCUUUGGAGUG,5p
hsa-mir-1286,GACUCAGCUUGCUCUGGCUGCUGGAUUGAAUUAGCUGCAGGACCAAGAUGAGCCCU,GACUCAGCUUGCUCUGGCUGC,UGCAGGACCAAGAUGAGCCCU,3p
hsa-mir-1287,UGCUGGAUCAGUGGUUCGAGUCUGAGCCUUUAAAAGCCACUCUAGCCACAGAUGCAGUGAU,UGCUGGAUCAGUGGUUCGAGUC,CUCUAGCCACAGAUGCAGUGAU,5p
hsa-mir-129-1,CUUUUUGCGGUCUGGGCUUGCUGUUCCUCUCAACAGUAGUCAGGAAGCCCUUACCCCAAAAAGUAU,CUUUUUGCGGUCUGGGCUUGC,AAGCCCUUACCCCAAAAAGUAU,5p
hsa-mir-129-2,CUUUUUGCGGUCUGGGCUUGCUGUACAUAACUCAAUAGCCGGAAGCCCUUACCCCAAAAAGCAU,CUUUUUGCGGUCUGGGCUUGC,AAGCCCUUACCCCAAAAAGCAU,5p
hsa-mir-1294,UGUGAGGUUGGCAUUGUUGUCUGGCAUUGUCUGAUAUACAACAGUGCCAACCUCACAGG,UGUGAGGUUGGCAUUGUUGUCU,ACAACAGUGCCAACCUCACAGG,5p
hsa-mir-1295a,UGCCCAGAUCCGUGGCCUAUUCAGAAAUGUGGCCUGUGAUUAGGCCGCAGAUCUGGGUGAA,UGCCCAGAUCCGUGGCCUAUUC,UUAGGCCGCAGAUCUGGGUGAA,3p
hsa-mir-1296,UUAGGGCCCUGGCUCCAUCUCCUUUAGGAAAACCUUCUGUGGGGAGUGGGGCUUCGACCCUAACC,UUAGGGCCCUGGCUCCAUCUCC,AGUGGGGCUUCGACCCUAACC,5p
hsa-mir-1298,UUCAUUCGGCUGUCCAGAUGUAUCCAAGUACCCUGUGUUAUUUGGCAAUAAAUACAUCUGGGCAACUGACUGAACU,UUCAUUCGGCUGUCCAGAUGUA,CAUCUGGGCAACUGACUGAACU,5p
hsa-mir-1301,GGUCGCUCUAGGCACCGCAGCACUGUGCUGGGGAUGUUGCAGCUGCCUGGGAGUGACUUC,GGUCGCUCUAGGCACCGCAGCA,UUGCAGCUGCCUGGGAGUGACUUC,3p
hsa-mir-1307,UCGACCGGACCUCGACCGGCUCGUCUGUGUUGCCAAUCGACUCGGCGUGGCGUCGGUCGUGG,UCGACCGGACCUCGACCGGCUCG,ACUCGGCGUGGCGUCGGUCGUGG,5p
hsa-mir-130a,GCUCUUUUCACAUUGUGCUACUGUCUGCACCUGUCACUAGCAGUGCAAUGUUAAAAGGGCAU,GCUCUUUUCACAUUGUGCUACU,CAGUGCAAUGUUAAAAGGGCAU,3p
hsa-mir-130b,ACUCUUUCCCUGUUGCACUACUAUAGGCCGCUGGGAAGCAGUGCAAUGAUGAAAGGGCAU,ACUCUUUCCCUGUUGCACUACU,CAGUGCAAUGAUGAAAGGGCAU,3p
hsa-mir-132,ACCGUGGCUUUCGAUUGUUACUGUGGGAACUGGAGGUAACAGUCUACAGCCAUGGUCG,ACCGUGGCUUUCGAUUGUUACU,UAACAGUCUACAGCCAUGGUCG,3p
hsa-mir-1323,UCAAAACUGAGGGGCAUUUUCUGUGGUUUGAAAGGAAAGUGCACCCAGUUUUGGGG,UCAAAACUGAGGGGCAUUUUCU,AAAGUGCACCCAGUUUUGGGG,5p
hsa-mir-133a-1,AGCUGGUAAAAUGGAACCAAAUCGCCUCUUCAAUGGAUUUGGUCCCCUUCAACCAGCUGU,AGCUGGUAAAAUGGAACCAAAUC,UUUGGUCCCCUUCAACCAGCUGU,3p
hsa-mir-133a-2,AGCUGGUAAAAUGGAACCAAAUCGACUGUCCAAUGGAUUUGGUCCCCUUCAACCAGCUGU,AGCUGGUAAAAUGGAACCAAAUC,UUUGGUCCCCUUCAACCAGCUGU,3p
hsa-mir-133b,GCUGGUCAAACGGAACCAAGUCCGUCUUCCUGAGAGGUUUGGUCCCCUUCAACCAGCUA,GCUGGUCAAACGGAACCAAGUC,UUUGGUCCCCUUCAACCAGCUA,3p
hsa-mir-134,UGUGACUGGUUGACCAGAGGGGCAUGCACUGUGUUCACCCUGUGGGCCACCUAGUCACCAA,UGUGACUGGUUGACCAGAGGGG,CUGUGGGCCACCUAGUCACCAA,5p
hsa-mir-1343,UGGGGAGCGGCCCCCGGGUGGGCCUCUGCUCUGGCCCCUCCUGGGGCCCGCACUCUCGC,UGGGGAGCGGCCCCCGGGUGGG,CUCCUGGGGCCCGCACUCUCGC,3p
hsa-mir-135a-1,UAUGGCUUUUUAUUCCUAUGUGAUUCUACUGCUCACUCAUAUAGGGAUUGGAGCCGUGGC,UAUGGCUUUUUAUUCCUAUGUGA,AUAUAGGGAUUGGAGCCGUGGC,5p
hsa-mir-135a-2,UAUGGCUUUUUAUUCCUAUGUGAUAGUAAUAAAGUCUCAUGUAGGGAUGGAAGCCAUGAA,UAUGGCUUUUUAUUCCUAUGUGA,AUGUAGGGAUGGAAGCCAUGAA,5p
hsa-mir-135b,UAUGGCUUUUCAUUCCUAUGUGAUUGCUGUCCCAAACUCAUGUAGGGCUAAAAGCCAUGGG,UAUGGCUUUUCAUUCCUAUGUGA,AUGUAGGGCUAAAAGCCAUGGG,5p
hsa-mir-136,ACUCCAUUUGUUUUGAUGAUGGAUUCUUAUGCUCCAUCAUCGUCUCAAAUGAGUCU,ACUCCAUUUGUUUUGAUGAUGGA,CAUCAUCGUCUCAAAUGAGUCU,3p
hsa-mir-137,ACGGGUAUUCUUGGGUGGAUAAUACGGAUUACGUUGUUAUUGCUUAAGAAUACGCGUAG,ACGGGUAUUCUUGGGUGGAUAAUA,UUAUUGCUUAAGAAUACGCGUAG,3p
hsa-mir-138-1,AGCUGGUGUUGUGAAUCAGGCCGUUGCCAAUCAGAGAACGGCUACUUCACAACACCAGGGC,AGCUGGUGUUGUGAAUCAGGCCG,GCUACUUCACAACACCAGGGC,5p
hsa-mir-138-2,AGCUGGUGUUGUGAAUCAGGCCGACGAGCAGCGCAUCCUCUUACCCGGCUAUUUCACGACACCAGGGUU,AGCUGGUGUUGUGAAUCAGGCCG,GCUAUUUCACGACACCAGGGUU,5p
hsa-mir-139,UCUACAGUGCACGUGUCUCCAGUGUGGCUCGGAGGCUGGAGACGCGGCCCUGUUGGAGU,UCUACAGUGCACGUGUCUCCAGU,UGGAGACGCGGCCCUGUUGGAGU,5p
hsa-mir-140,CAGUGGUUUUACCCUAUGGUAGGUUACGUCAUGCUGUUCUACCACAGGGUAGAACCACGGAC,CAGUGGUUUUACCCUAUGGUAG,ACCACAGGGUAGAACCACGGAC,3p
hsa-mir-141,CAUCUUCCAGUACAGUGUUGGAUGGUCUAAUUGUGAAGCUCCUAACACUGUCUGGUAAAGAUGGC,CAUCUUCCAGUACAGUGUUGGA,UAACACUGUCUGGUAAAGAUGGC,3p
hsa-mir-142,CAUAAAGUAGAAAGCACUACUAACAGCACUGGAGGGUGUAGUGUUUCCUACUUUAUGGA,CAUAAAGUAGAAAGCACUACU,UAGUGUUUCCUACUUUAUGGA,5p
hsa-mir-143,GGUGCAGUGCUGCAUCUCUGGUCAGUUGGGAGUCUGAGAUGAAGCACUGUAGCUC,GGUGCAGUGCUGCAUCUCUGG,UGAGAUGAAGCACUGUAGCUC,3p
hsa-mir-144,GGAUAUCAUCAUAUACUGUAAGUUUGCGAUGAGACACUACAGUAUAGAUGAUGUACU,GGAUAUCAUCAUAUACUGUAAGU,CUACAGUAUAGAUGAUGUACU,5p
hsa-mir-145,GUCCAGUUUUCCCAGGAAUCCCUUAGAUGCUAAGAUGGGGAUUCCUGGAAAUACUGUUCU,GUCCAGUUUUCCCAGGAAUCCCU,GGAUUCCUGGAAAUACUGUUCU,5p
hsa-mir-146a,UGAGAACUGAAUUCCAUGGGUUGUGUCAGUGUCAGACCUCUGAAAUUCAGUUCUUCAG,UGAGAACUGAAUUCCAUGGGUUG,ACCUCUGAAAUUCAGUUCUUCAG,5p
hsa-mir-146b,UGAGAACUGAAUUCCAUAGGCUGUGAGCUCUAGCAAUGCCCUGUGGACUCAGUUCUGGU,UGAGAACUGAAUUCCAUAGGCUGU,GCCCUGUGGACUCAGUUCUGGU,5p
hsa-mir-147b,GUGGAAACAUUUCUGCACAAACUAGAUUCUGGACACCAGUGUGCGGAAAUGCUUCUGCUA,GUGGAAACAUUUCUGCACAAACU,GUGUGCGGAAAUGCUUCUGCUA,3p
hsa-mir-148a,AAAGUUCUGAGACACUCCGACUCUGAGUAUGAUAGAAGUCAGUGCACUACAGAACUUUGU,AAAGUUCUGAGACACUCCGACU,UCAGUGCACUACAGAACUUUGU,3p
hsa-mir-148b,GAAGUUCUGUUAUACACUCAGGCUGUGGCUCUCUGAAAGUCAGUGCAUCACAGAACUUUGU,GAAGUUCUGUUAUACACUCAGGCU,UCAGUGCAUCACAGAACUUUGU,3p
hsa-mir-149,UCUGGCUCCGUGUCUUCACUCCCGUGCUUGUCCGAGGAGGGAGGGAGGGACGGGGGCUGUGC,UCUGGCUCCGUGUCUUCACUCCC,GAGGGAGGGACGGGGGCUGUGC,5p
hsa-mir-150,UCUCCCAACCCUUGUACCAGUGCUGGGCUCAGACCCUGGUACAGGCCUGGGGGACA,UCUCCCAACCCUUGUACCAGUG,CUGGUACAGGCCUGGGGGACA,5p
hsa-mir-151a,UCGAGGAGCUCACAGUCUAGUAUGUCUCAUCCCCUACUAGACUGAAGCUCCUUGAGGA,UCGAGGAGCUCACAGUCUAGUA,CUAGACUGAAGCUCCUUGAGGA,5p
hsa-mir-152,AGGUUCUGUGAUACACUCCGACUCGGGCUCUGGAGCAGUCAGUGCAUGACAGAACUUGG,AGGUUCUGUGAUACACUCCGACU,UCAGUGCAUGACAGAACUUGG,3p
hsa-mir-153-1,GUCAUUUUUGUGAUCUGCAGCUAGUAUUCUCACUCCAGUUGCAUAGUCACAAAAGUGAUC,GUCAUUUUUGUGAUCUGCAGCU,UUGCAUAGUCACAAAAGUGAUC,3p
hsa-mir-153-2,GUCAUUUUUGUGAUGUUGCAGCUAGUAAUAUGAGCCCAGUUGCAUAGUCACAAAAGUGAUC,GUCAUUUUUGUGAUGUUGCAGCU,UUGCAUAGUCACAAAAGUGAUC,3p
hsa-mir-154,UAGGUUAUCCGUGUUGCCUUCGCUUUAUUUGUGACGAAUCAUACACGGUUGACCUAUU,UAGGUUAUCCGUGUUGCCUUCG,AAUCAUACACGGUUGACCUAUU,5p
hsa-mir-155,UUAAUGCUAAUCGUGAUAGGGGUUUUUGCCUCCAACUGACUCCUACAUAUUAGCAUUAACA,UUAAUGCUAAUCGUGAUAGGGGUU,CUCCUACAUAUUAGCAUUAACA,5p
hsa-mir-15a,UAGCAGCACAUAAUGGUUUGUGGAUUUUGAAAAGGUGCAGGCCAUAUUGUGCUGCCUCA,UAGCAGCACAUAAUGGUUUGUG,CAGGCCAUAUUGUGCUGCCUCA,5p
hsa-mir-15b,UAGCAGCACAUCAUGGUUUACAUGCUACAGUCAAGAUGCGAAUCAUUAUUUGCUGCUCUA,UAGCAGCACAUCAUGGUUUACA,CGAAUCAUUAUUUGCUGCUCUA,5p
hsa-mir-16-1,UAGCAGCACGUAAAUAUUGGCGUUAAGAUUCUAAAAUUAUCUCCAGUAUUAACUGUGCUGCUGAA,UAGCAGCACGUAAAUAUUGGCG,CCAGUAUUAACUGUGCUGCUGAA,5p
hsa-mir-16-2,UAGCAGCACGUAAAUAUUGGCGUAGUGAAAUAUAUAUUAAACACCAAUAUUACUGUGCUGCUUUA,UAGCAGCACGUAAAUAUUGGCGU,ACCAAUAUUACUGUGCUGCUUUA,5p
hsa-mir-17,CAAAGUGCUUACAGUGCAGGUAGUGAUAUGUGCAUCUACUGCAGUGAAGGCACUUGUAGC,CAAAGUGCUUACAGUGCAGGUAG,ACUGCAGUGAAGGCACUUGUAGC,5p
hsa-mir-181a-1,AACAUUCAACGCUGUCGGUGAGUUUGGAAUUAAAAUCAAAACCAUCGACCGUUGAUUGUACC,AACAUUCAACGCUGUCGGUGAGU,ACCAUCGACCGUUGAUUGUACC,5p
hsa-mir-181a-2,AACAUUCAACGCUGUCGGUGAGUUUGGGAUUUGAAAAAACCACUGACCGUUGACUGUACC,AACAUUCAACGCUGUCGGUGAGU,ACCACUGACCGUUGACUGUACC,5p
hsa-mir-181b-1,AACAUUCAUUGCUGUCGGUGGGUUGAACUGUGUGGACAAGCUCACUGAACAAUGAAUGCAA,AACAUUCAUUGCUGUCGGUGGGUU,CUCACUGAACAAUGAAUGCAA,5p
hsa-mir-181b-2,AACAUUCAUUGCUGUCGGUGGGUUUGAGUCUGAAUCAACUCACUGAUCAAUGAAUGCAAA,AACAUUCAUUGCUGUCGGUGGGUU,CUCACUGAUCAAUGAAUGCAAA,5p
hsa-mir-181c,AACAUUCAACCUGUCGGUGAGUUUGGGCAGCUCAGGCAAACCAUCGACCGUUGAGUGGACC,AACAUUCAACCUGUCGGUGAGUU,ACCAUCGACCGUUGAGUGGACC,5p
hsa-mir-181d,AACAUUCAUUGUUGUCGGUGGGUUGUGAGGACUGAGGCCAGACCCACCGGGGGAUGAAUGUCA,AACAUUCAUUGUUGUCGGUGGGUU,CCACCGGGGGAUGAAUGUCA,5p
hsa-mir-182,UUUGGCAAUGGUAGAACUCACACUGGUGAGGUAACAGGAUCCGGUGGUUCUAGACUUGCCAACUA,UUUGGCAAUGGUAGAACUCACACU,UGGUUCUAGACUUGCCAACUA,5p
hsa-mir-183,UAUGGCACUGGUAGAAUUCACUGUGAACAGUCUCAGUCAGUGAAUUACCGAAGGGCCAUAAA,UAUGGCACUGGUAGAAUUCACU,UGAAUUACCGAAGGGCCAUAAA,5p
hsa-mir-184,CCUUAUCACUUUUCCAGCCCAGCUUUGUGACUGUAAGUGUUGGACGGAGAACUGAUAAGGGU,CCUUAUCACUUUUCCAGCCCAGC,UGGACGGAGAACUGAUAAGGGU,3p
hsa-mir-185,UGGAGAGAAAGGCAGUUCCUGAUGGUCCCCUCCCCAGGGGCUGGCUUUCCUCUGGU,UGGAGAGAAAGGCAGUUCCUGA,AGGGGCUGGCUUUCCUCUGGU,5p
hsa-mir-186,CAAAGAAUUCUCCUUUUGGGCUUUCUGGUUUUAUUUUAAGCCCAAAGGUGAAUUUUUUGGG,CAAAGAAUUCUCCUUUUGGGCUU,GCCCAAAGGUGAAUUUUUUGGG,5p
hsa-mir-187,GCUACAACACAGGACCCGGGCGCUGCUCUGACCCCUCGUGUCUUGUGUUGCAGCCGG,GCUACAACACAGGACCCGGGCG,UCGUGUCUUGUGUUGCAGCCGG,3p
hsa-mir-188,CAUCCCUUGCAUGGUGGAGGGUGAGCUUUCUGAAAACCCCUCCCACAUGCAGGGUUUGCA,CAUCCCUUGCAUGGUGGAGGGU,CUCCCACAUGCAGGGUUUGCA,5p
hsa-mir-18a,UAAGGUGCAUCUAGUGCAGAUAGUGAAGUAGAUUAGCAUCUACUGCCCUAAGUGCUCCUUCUGG,UAAGGUGCAUCUAGUGCAGAUAG,ACUGCCCUAAGUGCUCCUUCUGG,5p
hsa-mir-18b,UAAGGUGCAUCUAGUGCAGUUAGUGAAGCAGCUUAGAAUCUACUGCCCUAAAUGCCCCUUCUGGC,UAAGGUGCAUCUAGUGCAGUUAGU,UACUGCCCUAAAUGCCCCUUCUGGC,5p
hsa-mir-1908,CGGCGGGGACGGCGAUUGGUCCGUAUGUGUGGUGCCACCGGCCGCCGGCUCCGCCCCG,CGGCGGGGACGGCGAUUGGUC,CCGGCCGCCGGCUCCGCCCCG,5p
hsa-mir-190a,UGAUAUGUUUGAUAUAUUAGGUUGUUAUUUAAUCCAACUAUAUAUCAAACAUAUUCCU,UGAUAUGUUUGAUAUAUUAGGUUG,ACUAUAUAUCAAACAUAUUCCU,5p
hsa-mir-190b,UGAUAUGUUUGAUAUUGGGUUGUUUAAUUAGGAACCAACUAAAUGUCAAACAUAUUCUUA,UGAUAUGUUUGAUAUUGGGUUG,ACUAAAUGUCAAACAUAUUCUUA,5p
hsa-mir-191,CAACGGAAUCCCAAAAGCAGCUGUUGUCUCCAGAGCAUUCCAGCUGCGCUUGGAUUUCGUCCCC,CAACGGAAUCCCAAAAGCAGCUG,GCUGCGCUUGGAUUUCGUCCCC,5p
hsa-mir-1911,UGAGUACCGCCAUGUCUGUUGGGCAUCCACAGUCUCCCACCAGGCAUUGUGGUCUCCGC,UGAGUACCGCCAUGUCUGUUGGG,CACCAGGCAUUGUGGUCUCCGC,5p
hsa-mir-1913,CCGGCAGAGGAGGCUGCAGAGGCUGGCUUUCCAAAACUCUGCCCCCUCCGCUGCUGCCA,CCGGCAGAGGAGGCUGCAGAGG,UCUGCCCCCUCCGCUGCUGCCA,5p
hsa-mir-192,CUGACCUAUGAAUUGACAGCCAGUGCUCUCGUCUCCCCUCUGGCUGCCAAUUCCAUAGGUCACAG,CUGACCUAUGAAUUGACAGCC,CUGCCAAUUCCAUAGGUCACAG,5p
hsa-mir-193a,UGGGUCUUUGCGGGCGAGAUGAGGGUGUCGGAUCAACUGGCCUACAAAGUCCCAGU,UGGGUCUUUGCGGGCGAGAUGA,AACUGGCCUACAAAGUCCCAGU,5p
hsa-mir-193b,CGGGGUUUUGAGGGCGAGAUGAGUUUAUGUUUUAUCCAACUGGCCCUCAAAGUCCCGCU,CGGGGUUUUGAGGGCGAGAUGA,AACUGGCCCUCAAAGUCCCGCU,3p
hsa-mir-194-1,UGUAACAGCAACUCCAUGUGGACUGUGUACCAAUUUCCAGUGGAGAUGCUGUUACUUU,UGUAACAGCAACUCCAUGUGGA,CCAGUGGAGAUGCUGUUACUUU,5p
hsa-mir-194-2,UGUAACAGCAACUCCAUGUGGAAGUGCCCACUGGUUCCAGUGGGGCUGCUGUUAUCUG,UGUAACAGCAACUCCAUGUGGAA,CCAGUGGGGCUGCUGUUAUCUG,5p
hsa-mir-195,UAGCAGCACAGAAAUAUUGGCACAGGGAAGCGAGUCUGCCAAUAUUGGCUGUGCUGCUCCA,UAGCAGCACAGAAAUAUUGGCA,CCAAUAUUGGCUGUGCUGCUCCA,5p
hsa-mir-196a-1,UAGGUAGUUUCAUGUUGUUGGGCCUGGGUUUCUGAACACAACAACAUUAAACCACCCGAU,UAGGUAGUUUCAUGUUGUUGGG,CAACAACAUUAAACCACCCGAU,5p
hsa-mir-196a-2,UAGGUAGUUUCAUGUUGUUGGGAUUGAGUUUUGAACUCGGCAACAAGAAACUGCCUGAG,UAGGUAGUUUCAUGUUGUUGGGA,UCGGCAACAAGAAACUGCCUGAG,5p
hsa-mir-196b,UAGGUAGUUUCCUGUUGUUGGGAUCCACCUUUCUCUCGACAGCACGACACUGCCUUCA,UAGGUAGUUUCCUGUUGUUGGGA,UCGACAGCACGACACUGCCUUCA,5p
hsa-mir-197,CGGGUAGAGAGGGCAGUGGGAGGUAAGAGCUCUUCACCCUUCACCACCUUCUCCACCCAGC,CGGGUAGAGAGGGCAGUGGGAGG,UUCACCACCUUCUCCACCCAGC,3p
hsa-mir-199a-1,CCCAGUGUUCAGACUACCUGUUCAGGAGGCUCUCAAUGUGUACAGUAGUCUGCACAUUGGUUA,CCCAGUGUUCAGACUACCUGUUC,ACAGUAGUCUGCACAUUGGUUA,3p
hsa-mir-199a-2,CCCAGUGUUCAGACUACCUGUUCAGGACAAUGCCGUUGUACAGUAGUCUGCACAUUGGUUA,CCCAGUGUUCAGACUACCUGUUC,ACAGUAGUCUGCACAUUGGUUA,3p
hsa-mir-199b,CCCAGUGUUUAGACUAUCUGUUCAGGACUCCCAAAUUGUACAGUAGUCUGCACAUUGGUUA,CCCAGUGUUUAGACUAUCUGUUC,ACAGUAGUCUGCACAUUGGUUA,3p
hsa-mir-19a,AGUUUUGCAUAGUUGCACUACAAGAAGAAUGUAGUUGUGCAAAUCUAUGCAAAACUGA,AGUUUUGCAUAGUUGCACUAC,UGUGCAAAUCUAUGCAAAACUGA,3p
hsa-mir-19b-1,AGUUUUGCAGGUUUGCAUCCAGCUGUGUGAUAUUCUGCUGUGCAAAUCCAUGCAAAACUGA,AGUUUUGCAGGUUUGCAUCCAGC,UGUGCAAAUCCAUGCAAAACUGA,3p
hsa-mir-19b-2,AGUUUUGCAGGUUUGCAUUUCAGCGUAUAUAUGUAUAUGUGGCUGUGCAAAUCCAUGCAAAACUGA,AGUUUUGCAGGUUUGCAUUUCAGC,UGUGCAAAUCCAUGCAAAACUGA,3p
hsa-mir-200a,CAUCUUACCGGACAGUGCUGGAUUUCCCAGCUUGACUCUAACACUGUCUGGUAACGAUGUU,CAUCUUACCGGACAGUGCUGGA,UAACACUGUCUGGUAACGAUGUU,3p
hsa-mir-200b,CAUCUUACUGGGCAGCAUUGGAUGGAGUCAGGUCUCUAAUACUGCCUGGUAAUGAUGAC,CAUCUUACUGGGCAGCAUUGGA,UAAUACUGCCUGGUAAUGAUGAC,3p
hsa-mir-200c,CGUCUUACCCAGCAGUGUUUGGGUGCGGUUGGGAGUCUCUAAUACUGCCGGGUAAUGAUGGA,CGUCUUACCCAGCAGUGUUUGG,UAAUACUGCCGGGUAAUGAUGGA,3p
hsa-mir-202,UUCCUAUGCAUAUACUUCUUUGAGGAUCUGGCCUAAAGAGGUAUAGGGCAUGGGAAAA,UUCCUAUGCAUAUACUUCUUU,AGAGGUAUAGGGCAUGGGAAAA,5p
hsa-mir-203a,AGUGGUUCUUAACAGUUCAACAGUUCUGUAGCGCAAUUGUGAAAUGUUUAGGACCACUAG,AGUGGUUCUUAACAGUUCAACAG,GUGAAAUGUUUAGGACCACUAG,3p
hsa-mir-204,UUCCCUUUGUCAUCCUAUGCCUGAGAAUAUAUGAAGGAGGCUGGGAAGGCAAAGGGACGU,UUCCCUUUGUCAUCCUAUGCCU,GCUGGGAAGGCAAAGGGACGU,5p
hsa-mir-205,UCCUUCAUUCCACCGGAGUCUGUCUCAUACCCAACCAGAUUUCAGUGGAGUGAAGUUCA,UCCUUCAUUCCACCGGAGUCUGU,AUUUCAGUGGAGUGAAGUUCA,5p
hsa-mir-206,ACAUGCUUCUUUAUAUCCCCAUAUGGAUUACUUUGCUAUGGAAUGUAAGGAAGUGUGUGG,ACAUGCUUCUUUAUAUCCCCAUA,UGGAAUGUAAGGAAGUGUGUGG,3p
hsa-mir-208a,GAGCUUUUGGCCCGGGUUAUACCUGAUGCUCACGUAUAAGACGAGCAAAAAGCUUGU,GAGCUUUUGGCCCGGGUUAUAC,AUAAGACGAGCAAAAAGCUUGU,3p
hsa-mir-208b,AAGCUUUUUGCUCGAAUUAUGUUUCUGAUCCGAAUAUAAGACGAACAAAAGGUUUGU,AAGCUUUUUGCUCGAAUUAUGU,AUAAGACGAACAAAAGGUUUGU,3p
hsa-mir-20a,UAAAGUGCUUAUAGUGCAGGUAGUGUUUAGUUAUCUACUGCAUUAUGAGCACUUAAAGU,UAAAGUGCUUAUAGUGCAGGUAG,ACUGCAUUAUGAGCACUUAAAGU,5p
hsa-mir-20b,CAAAGUGCUCAUAGUGCAGGUAGUUUUGGCAUGACUCUACUGUAGUAUGGGCACUUCCAGU,CAAAGUGCUCAUAGUGCAGGUAG,ACUGUAGUAUGGGCACUUCCAGU,5p
hsa-mir-21,UAGCUUAUCAGACUGAUGUUGACUGUUGAAUCUCAUGGCAACACCAGUCGAUGGGCUGUC,UAGCUUAUCAGACUGAUGUUGACU,CAACACCAGUCGAUGGGCUGUC,5p
hsa-mir-210,AGCCCCUGCCCACCGCACACUGCGCUGCCCCAGACCCACUGUGCGUGUGACAGCGGCUGA,AGCCCCUGCCCACCGCACACUG,CUGUGCGUGUGACAGCGGCUGA,3p
hsa-mir-211,UUCCCUUUGUCAUCCUUCGCCUAGGGCUCUGAGCAGGGCAGGGACAGCAAAGGGGUGC,UUCCCUUUGUCAUCCUUCGCCU,GCAGGGACAGCAAAGGGGUGC,5p
hsa-mir-2114,UAGUCCCUUCCUUGAAGCGGUCGGAUAAUCACAUGACGAGCCUCAAGCAAGGGACUUCA,UAGUCCCUUCCUUGAAGCGGUC,CGAGCCUCAAGCAAGGGACUUCA,5p
hsa-mir-2115,AGCUUCCAUGACUCCUGAUGGAGGAAUCACAUGAAUUCAUCAGAAUUCAUGGAGGCUAGA,AGCUUCCAUGACUCCUGAUGGA,CAUCAGAAUUCAUGGAGGCUAGA,3p
hsa-mir-2116,GGUUCUUAGCAUAGGAGGUCUUCCCAUGCUAAGAAGUCCUCCCAUGCCAAGAACUCC,GGUUCUUAGCAUAGGAGGUCU,UCCUCCCAUGCCAAGAACUCC,3p
hsa-mir-212,ACCUUGGCUCUAGACUGCUUACUGCCCGGGCCGCCCUCAGUAACAGUCUCCAGUCACGGCCA,ACCUUGGCUCUAGACUGCUUACU,UAACAGUCUCCAGUCACGGCCA,5p
hsa-mir-214,UGCCUGUCUACACUUGCUGUGCAGAACAUCCGCUCACCUGUACAGCAGGCACAGACAGGCAGU,UGCCUGUCUACACUUGCUGUGC,ACAGCAGGCACAGACAGGCAGU,3p
hsa-mir-215,AUGACCUAUGAAUUGACAGACAAUAUAGCUGAGUUUGUCUGUCAUUUCUUUAGGCCAAUA,AUGACCUAUGAAUUGACAGACA,UCUGUCAUUUCUUUAGGCCAAUA,5p
hsa-mir-216a,UAAUCUCAGCUGGCAACUGUGAGAUGUUCAUACAAUCCCUCACAGUGGUCUCUGGGAUUAUG,UAAUCUCAGCUGGCAACUGUGAG,CACAGUGGUCUCUGGGAUUAUG,5p
hsa-mir-216b,AAAUCUCUGCAGGCAAAUGUGAUGUCACUGAGGAAAUCACACACUUACCCGUAGAGAUUCUA,AAAUCUCUGCAGGCAAAUGUGA,ACACUUACCCGUAGAGAUUCUA,5p
hsa-mir-217,UACUGCAUCAGGAACUGAUUGGAUAAGAAUCAGUCACCAUCAGUUCCUAAUGCAUUGCCU,UACUGCAUCAGGAACUGAUUGGAU,CAUCAGUUCCUAAUGCAUUGCCU,5p
hsa-mir-218-1,UUGUGCUUGAUCUAACCAUGUGGUUGCGAGGUAUGAGUAAAACAUGGUUCCGUCAAGCACCAUG,UUGUGCUUGAUCUAACCAUGUG,CAUGGUUCCGUCAAGCACCAUG,5p
hsa-mir-218-2,UUGUGCUUGAUCUAACCAUGUGGUGGAACGAUGGAAACGGAACAUGGUUCUGUCAAGCACCGCG,UUGUGCUUGAUCUAACCAUGU,AUGGUUCUGUCAAGCACCGCG,5p
hsa-mir-219a-1,UGAUUGUCCAAACGCAAUUCUCGAGUCUAUGGCUCCGGCCGAGAGUUGAGUCUGGACGUCCCGA,UGAUUGUCCAAACGCAAUUCUCG,AGAGUUGAGUCUGGACGUCCCGA,3p
hsa-mir-219a-2,UGAUUGUCCAAACGCAAUUCUUGUACGAGUCUGCGGCCAACCGAGAAUUGUGGCUGGACAUCUGU,UGAUUGUCCAAACGCAAUUCUUG,AGAAUUGUGGCUGGACAUCUGU,3p
hsa-mir-22,AGUUCUUCAGUGGCAAGCUUUAUGUCCUGACCCAGCUAAAGCUGCCAGUUGAAGAACUGU,AGUUCUUCAGUGGCAAGCUUUA,AAGCUGCCAGUUGAAGAACUGU,3p
hsa-mir-221,ACCUGGCAUACAAUGUAGAUUUCUGUGUUCGUUAGGCAACAGCUACAUUGUCUGCUGGGUUUC,ACCUGGCAUACAAUGUAGAUUUCUGU,AGCUACAUUGUCUGCUGGGUUUC,3p
hsa-mir-222,GGCUCAGUAGCCAGUGUAGAUCCUGUCUUUCGUAAUCAGCAGCUACAUCUGGCUACUGGGUCUC,GGCUCAGUAGCCAGUGUAGAUCC,AGCUACAUCUGGCUACUGGGUCUC,3p
hsa-mir-223,CGUGUAUUUGACAAGCUGAGUUGGACACUCCAUGUGGUAGAGUGUCAGUUUGUCAAAUACCCCAA,CGUGUAUUUGACAAGCUGAGUUG,UGUCAGUUUGUCAAAUACCCCAA,3p
hsa-mir-224,CAAGUCACUAGUGGUUCCGUUUAGUAGAUGAUUGUGCAUUGUUUCAAAAUGGUGCCCUAGUGACUACAA,CAAGUCACUAGUGGUUCCGUUUAG,AAAUGGUGCCCUAGUGACUACAA,5p
hsa-mir-2277,AGCGCGGGCUGAGCGCUGCCAGUCAGCGCUCACAUUAAGGCUGACAGCGCCCUGCCUGGCUCG,AGCGCGGGCUGAGCGCUGCCAGUC,CUGACAGCGCCCUGCCUGGCUCG,5p
hsa-mir-2278,GAGAGCAGUGUGUGUUGCCUGGGGACUGUGUGGACUGGUAUCACCCAGACAGCUUGCACUGACUCCA,GAGAGCAGUGUGUGUUGCCUGGG,CAGACAGCUUGCACUGACUCCA,5p
hsa-mir-2355,AUCCCCAGAUACAAUGGACAAUAUGCUAUUAUAAUCGUAUGGCAUUGUCCUUGCUGUUUGGAGAUAA,AUCCCCAGAUACAAUGGACAAU,UGUCCUUGCUGUUUGGAGAUAA,5p
hsa-mir-23a,GGGGUUCCUGGGGAUGGGAUUUGCUUCCUGUCACAAAUCACAUUGCCAGGGAUUUCCA,GGGGUUCCUGGGGAUGGGAUUU,AUCACAUUGCCAGGGAUUUCCA,3p
hsa-mir-23b,UGGGUUCCUGGCAUGCUGAUUUGUGACUUAAGAUUAAAAUCACAUUGCCAGGGAUUACCAC,UGGGUUCCUGGCAUGCUGAUUU,AUCACAUUGCCAGGGAUUACCAC,3p
hsa-mir-24-1,GUGCCUACUGAGCUGAUAUCAGUUCUCAUUUUACACACUGGCUCAGUUCAGCAGGAACAG,GUGCCUACUGAGCUGAUAUCAGU,UGGCUCAGUUCAGCAGGAACAG,3p
hsa-mir-24-2,GUGCCUACUGAGCUGAAACACAGUUGGUUUGUGUACACUGGCUCAGUUCAGCAGGAACAG,GUGCCUACUGAGCUGAAACACAGU,UGGCUCAGUUCAGCAGGAACAG,3p
hsa-mir-2467,UGAGGCUCUGUUAGCCUUGGCUCUGGGUCCUGCUCCUUAGAGCAGAGGCAGAGAGGCUCAGG,UGAGGCUCUGUUAGCCUUGGCUCU,AGCAGAGGCAGAGAGGCUCAGG,5p
hsa-mir-25,AGGCGGAGACUUGGGCAAUUGCUGGACGCUGCCCUGGGCAUUGCACUUGUCUCGGUCUGA,AGGCGGAGACUUGGGCAAUUGCU,CAUUGCACUUGUCUCGGUCUGA,3p
hsa-mir-2681,UUUUACCACCUCCAGGAGACUGCCCAAAGACUCUUCAGUAUCAUGGAGUUGGUAAAGCA,UUUUACCACCUCCAGGAGACU,UAUCAUGGAGUUGGUAAAGCA,5p
hsa-mir-26a-1,UUCAAGUAAUCCAGGAUAGGCUGUGCAGGUCCCAAUGGGCCUAUUCUUGGUUACUUGCACG,UUCAAGUAAUCCAGGAUAGGCU,CCUAUUCUUGGUUACUUGCACG,5p
hsa-mir-26a-2,UUCAAGUAAUCCAGGAUAGGCUGUUUCCAUCUGUGAGGCCUAUUCUUGAUUACUUGUUUC,UUCAAGUAAUCCAGGAUAGGCU,CCUAUUCUUGAUUACUUGUUUC,5p
hsa-mir-26b,UUCAAGUAAUUCAGGAUAGGUUGUGUGCUGUCCAGCCUGUUCUCCAUUACUUGGCUC,UUCAAGUAAUUCAGGAUAGGUU,CCUGUUCUCCAUUACUUGGCUC,5p
hsa-mir-27a,AGGGCUUAGCUGCUUGUGAGCAGGGUCCACACCAAGUCGUGUUCACAGUGGCUAAGUUCCGC,AGGGCUUAGCUGCUUGUGAGCA,UUCACAGUGGCUAAGUUCCGC,3p
hsa-mir-27b,AGAGCUUAGCUGAUUGGUGAACAGUGAUUGGUUUCCGCUUUGUUCACAGUGGCUAAGUUCUGC,AGAGCUUAGCUGAUUGGUGAACA,UUCACAGUGGCUAAGUUCUGC,3p
hsa-mir-28,AAGGAGCUCACAGUCUAUUGAGUUACCUUUCUGACUUUCCCACUAGAUUGUGAGCUCCUGGA,AAGGAGCUCACAGUCUAUUGAG,CACUAGAUUGUGAGCUCCUGGA,3p
hsa-mir-296,AGGGCCCCCCCUCAAUCCUGUUGUGCCUAAUUCAGAGGGUUGGGUGGAGGCUCUCC,AGGGCCCCCCCUCAAUCCUGU,AGGGUUGGGUGGAGGCUCUCC,5p
hsa-mir-299,AUGGUUUACCGUCCCACAUACAUUUUGAAUAUGUAUGUGGGAUGGUAAACCGCUU,AUGGUUUACCGUCCCACAUACA,UAUGUGGGAUGGUAAACCGCUU,3p
hsa-mir-29a,ACUGAUUUCUUUUGGUGUUCAGAGUCAAUAUAAUUUUCUAGCACCAUCUGAAAUCGGUUA,ACUGAUUUCUUUUGGUGUUCAGA,UAGCACCAUCUGAAAUCGGUUA,3p
hsa-mir-29b-1,GCUGGUUUCAUAUGGUGGUUUAGAUUUAAAUAGUGAUUGUCUAGCACCAUUUGAAAUCAGUGUU,GCUGGUUUCAUAUGGUGGUUUAGA,UAGCACCAUUUGAAAUCAGUGUU,3p
hsa-mir-29b-2,CUGGUUUCACAUGGUGGCUUAGAUUUUUCCAUCUUUGUAUCUAGCACCAUUUGAAAUCAGUGUU,CUGGUUUCACAUGGUGGCUUAGA,UAGCACCAUUUGAAAUCAGUGUU,3p
hsa-mir-29c,ACCGAUUUCUCCUGGUGUUCAGAGUCUGUUUUUGUCUAGCACCAUUUGAAAUCGGUUA,ACCGAUUUCUCCUGGUGUUCAGA,UAGCACCAUUUGAAAUCGGUUA,3p
hsa-mir-301a,GCUCUGACUUUAUUGCACUACUGUACUUUACAGCUAGCAGUGCAAUAGUAUUGUCAAAGC,GCUCUGACUUUAUUGCACUACU,CAGUGCAAUAGUAUUGUCAAAGC,3p
hsa-mir-301b,GCUCUGACGAGGUUGCACUACUGUGCUCUGAGAAGCAGUGCAAUGAUAUUGUCAAAGC,GCUCUGACGAGGUUGCACUACU,CAGUGCAAUGAUAUUGUCAAAGC,3p
hsa-mir-302a,ACUUAAACGUGGAUGUACUUGCUUUGAAACUAAAGAAGUAAGUGCUUCCAUGUUUUGGUGA,ACUUAAACGUGGAUGUACUUGCU,UAAGUGCUUCCAUGUUUUGGUGA,3p
hsa-mir-302b,ACUUUAACAUGGAAGUGCUUUCUGUGACUUUAAAAGUAAGUGCUUCCAUGUUUUAGUAG,ACUUUAACAUGGAAGUGCUUUCU,UAAGUGCUUCCAUGUUUUAGUAG,3p
hsa-mir-302c,UUUAACAUGGGGGUACCUGCUGUGUGAAACAAAAGUAAGUGCUUCCAUGUUUCAGU,UUUAACAUGGGGGUACCUGCU,UAAGUGCUUCCAUGUUUCAGU,3p
hsa-mir-302d,ACUUUAACAUGGAGGCACUUGCUGUGACAUGACAAAAAUAAGUGCUUCCAUGUUUGAGUGU,ACUUUAACAUGGAGGCACUUGCU,UAAGUGCUUCCAUGUUUGAGUGU,3p
hsa-mir-30a,UGUAAACAUCCUCGACUGGAAGCUGUGAAGCCACAGAUGGGCUUUCAGUCGGAUGUUUGCAGC,UGUAAACAUCCUCGACUGGAAGCU,CUUUCAGUCGGAUGUUUGCAGC,5p
hsa-mir-30b,UGUAAACAUCCUACACUCAGCUGUAAUACAUGGAUUGGCUGGGAGGUGGAUGUUUACUUC,UGUAAACAUCCUACACUCAGCU,CUGGGAGGUGGAUGUUUACUUC,5p
hsa-mir-30c-1,UGUAAACAUCCUACACUCUCAGCUGUGAGCUCAAGGUGGCUGGGAGAGGGUUGUUUACUCC,UGUAAACAUCCUACACUCUCAGCU,CUGGGAGAGGGUUGUUUACUCC,5p
hsa-mir-30c-2,UGUAAACAUCCUACACUCUCAGCUGUGGAAAGUAAGAAAGCUGGGAGAAGGCUGUUUACUCU,UGUAAACAUCCUACACUCUCAGCU,CUGGGAGAAGGCUGUUUACUCU,5p
hsa-mir-30d,UGUAAACAUCCCCGACUGGAAGCUGUAAGACACAGCUAAGCUUUCAGUCAGAUGUUUGCUGC,UGUAAACAUCCCCGACUGGAAGCU,CUUUCAGUCAGAUGUUUGCUGC,5p
hsa-mir-30e,UGUAAACAUCCUUGACUGGAAGCUGUAAGGUGUUCAGAGGAGCUUUCAGUCGGAUGUUUACAGC,UGUAAACAUCCUUGACUGGAAGCU,CUUUCAGUCGGAUGUUUACAGC,5p
hsa-mir-31,AGGCAAGAUGCUGGCAUAGCUGUUGAACUGGGAACCUGCUAUGCCAACAUAUUGCCAUC,AGGCAAGAUGCUGGCAUAGCUGU,UGCUAUGCCAACAUAUUGCCAUC,5p
hsa-mir-3121,UCCUUUGCCUAUUCUAUUUAAGACACCCUGUACCUUAAAUAGAGUAGGCAAAGGACA,UCCUUUGCCUAUUCUAUUUAAG,UAAAUAGAGUAGGCAAAGGACA,3p
hsa-mir-3126,UGAGGGACAGAUGCCAGAAGCACUGGUUAUGAUUUGCAUCUGGCAUCCGUCACACAGA,UGAGGGACAGAUGCCAGAAGCA,CAUCUGGCAUCCGUCACACAGA,5p
hsa-mir-3127,AUCAGGGCUUGUGGAAUGGGAAGGAGAAGGGACGCUUCCCCUUCUGCAGGCCUGCUGG,AUCAGGGCUUGUGGAAUGGGAAG,UCCCCUUCUGCAGGCCUGCUGG,5p
hsa-mir-3140,ACCUGAAUUACCAAAAGCUUUAUGUAUUCUGAAGUUAUUGAAAAUAAGAGCUUUUGGGAAUUCAGGUAG,ACCUGAAUUACCAAAAGCUUU,AGCUUUUGGGAAUUCAGGUAG,3p
hsa-mir-3144,AAGGGGACCAAAGAGAUAUAUAGAUAUCAGCUACCUAUAUACCUGUUCGGUCUCUUUA,AAGGGGACCAAAGAGAUAUAUA,UAUACCUGUUCGGUCUCUUUA,5p
hsa-mir-3145,AACUCCAAACACUCAAAACUCAUUGUUGAAUGGAAUGAGAUAUUUUGAGUGUUUGGAAUUGA,AACUCCAAACACUCAAAACUCA,AGAUAUUUUGAGUGUUUGGAAUUGA,3p
hsa-mir-3146,CUUCUUUCUAUCCUAGUAUAACUUGAAGAAUUCAAAUAGUCAUGCUAGGAUAGAAAGAAUGGG,CUUCUUUCUAUCCUAGUAUAAC,CAUGCUAGGAUAGAAAGAAUGGG,3p
hsa-mir-3150b,CAACCUCGAGGAUCUCCCCAGCCUUGGCGUUCAGGUGCUGAGGAGAUCGUCGAGGUUGGC,CAACCUCGAGGAUCUCCCCAGC,UGAGGAGAUCGUCGAGGUUGGC,3p
hsa-mir-3163,UAUAAAAUGAGGGCAGUAAGACCUUCCUUCCUUGUCUUACUACCCCCAUUUUAUAGA,UAUAAAAUGAGGGCAGUAAGAC,CUUACUACCCCCAUUUUAUAGA,5p
hsa-mir-3164,UGUGACUUUAAGGGAAAUGGCGCACAGCAGACCCUGCAAUCAUGCCGUUUUGCUUGAAGUCGCAGU,UGUGACUUUAAGGGAAAUGGCG,CCGUUUUGCUUGAAGUCGCAGU,5p
hsa-mir-3171,AGAUGUAUGGAAUCUGUAUAUAUCUAUAUAUAUGUGUAUAUAUAGAUUCCAUAAAUCUAU,AGAUGUAUGGAAUCUGUAUAUA,UAUAUAGAUUCCAUAAAUCUAU,5p
hsa-mir-3173,UGCCCUGCCUGUUUUCUCCUUUGUGAUUUUAUGAGAACAAAGGAGGAAAUAGGCAGGCCAG,UGCCCUGCCUGUUUUCUCCUUUG,AAGGAGGAAAUAGGCAGGCCAG,5p
hsa-mir-3174,UAGUGAGUUAGAGAUGCAGAGCCCUGGGCUCCUCAGCAAACCUACUGGAUCUGCAUUUUAAUUCACAUGC,UAGUGAGUUAGAGAUGCAGAGCC,AUCUGCAUUUUAAUUCACAUGC,5p
hsa-mir-3179-1,GUUUAAAUUACACUCCUUCUGCUGUGCCUUACAGCAGUAGAAGGGGUGAAAUUUAAACGU,GUUUAAAUUACACUCCUUCUGC,AGAAGGGGUGAAAUUUAAACGU,3p
hsa-mir-3179-2,GUUUAAAUUACACUCCUUCUGCUGUGCCUUACAGCAGUAGAAGGGGUGAAAUUUAAACGU,GUUUAAAUUACACUCCUUCUGC,AGAAGGGGUGAAAUUUAAACGU,3p
hsa-mir-3179-3,GUUUAAAUUACACUCCUUCUGCUGUGCCUUACAGCAGUAGAAGGGGUGAAAUUUAAACGU,GUUUAAAUUACACUCCUUCUGC,AGAAGGGGUGAAAUUUAAACGU,3p
hsa-mir-3179-4,GUUUAAAUUACACUCCUUCUGCUGUGCCUUACAGCAGUAGAAGGGGUGAAAUUUAAACGU,GUUUAAAUUACACUCCUUCUGC,AGAAGGGGUGAAAUUUAAACGU,3p
hsa-mir-3180-1,CUUCCAGACGCUCCGCCCCACGUCGCAUGCGCCCCGGGAAAGCGUGGGGCGGAGCUUCCGGAGGCC,CUUCCAGACGCUCCGCCCCACG,UGGGGCGGAGCUUCCGGAGGCC,3p
hsa-mir-3180-2,CUUCCAGACGCUCCGCCCCACGUCGCAUGCGCCCCGGGAAAGCGUGGGGCGGAGCUUCCGGAGGCC,CUUCCAGACGCUCCGCCCCACG,UGGGGCGGAGCUUCCGGAGGCC,3p
hsa-mir-3180-3,CUUCCAGACGCUCCGCCCCACGUCGCAUGCGCCCCGGGAAAGCGUGGGGCGGAGCUUCCGGAGGCC,CUUCCAGACGCUCCGCCCCACG,UGGGGCGGAGCUUCCGGAGGCC,3p
hsa-mir-3186,ACAGGCGUCUGUCUACGUGGCUUCAACCAAGUUCAAAGUCACGCGGAGAGAUGGCUUUG,ACAGGCGUCUGUCUACGUGGCU,UCACGCGGAGAGAUGGCUUUG,3p
hsa-mir-3187,CCUGGGCAGCGUGUGGCUGAAGGUCACCAUGUUCUCCUUGGCCAUGGGGCUGCGCGGGGC,CCUGGGCAGCGUGUGGCUGAAGG,UUGGCCAUGGGGCUGCGCGGGGC,3p
hsa-mir-3194,GGCCAGCCACCAGGAGGGCUGCGUGCCACCCGGGCAGCUCUGCUGCUCACUGGCAGU,GGCCAGCCACCAGGAGGGCUGC,AGCUCUGCUGCUCACUGGCAGU,5p
hsa-mir-32,UAUUGCACAUUACUAAGUUGCAUGUUGUCACGGCCUCAAUGCAAUUUAGUGUGUGUGAUAUU,UAUUGCACAUUACUAAGUUGCA,CAAUUUAGUGUGUGUGAUAUU,5p
hsa-mir-3200,AAUCUGAGAAGGCGCACAAGGUUUGUGUCCAAUACAGUCCACACCUUGCGCUACUCAGGUCUGC,AAUCUGAGAAGGCGCACAAGGUU,CACCUUGCGCUACUCAGGUCUGC,3p
hsa-mir-323a,AGGUGGUCCGUGGCGCGUUCGCUUUAUUUAUGGCGCACAUUACACGGUCGACCUCU,AGGUGGUCCGUGGCGCGUUCG,CACAUUACACGGUCGACCUCU,3p
hsa-mir-323b,AGGUUGUCCGUGGUGAGUUCGCAUUAUUUAAUGAUGCCCAAUACACGGUCGACCUCU,AGGUUGUCCGUGGUGAGUUCGCA,CCCAAUACACGGUCGACCUCU,3p
hsa-mir-324,CGCAUCCCCUAGGGCAUUGGUGUAAAGCUGGAGACCCACUGCCCCAGGUGCUGCUGG,CGCAUCCCCUAGGGCAUUGGUGU,CCACUGCCCCAGGUGCUGCUGG,5p
hsa-mir-325,CCUAGUAGGUGUCCAGUAAGUGUUUGUGACAUAAUUUGUUUAUUGAGGACCUCCUAUCAA,CCUAGUAGGUGUCCAGUAAGUG,UUUAUUGAGGACCUCCUAUCAA,3p
hsa-mir-326,GGAGGCAGGGCCUUUGUGAAGGCGGGUGGUGCUCAGAUCGCCUCUGGGCCCUUCCUCCAG,GGAGGCAGGGCCUUUGUGAAGGCG,CCUCUGGGCCCUUCCUCCAG,3p
hsa-mir-328,GGGGGGCAGGAGGGGCUCAGGGAGAAAGUGCAUACAGCCCCUGGCCCUCUCUGCCCUUCCGU,GGGGGGCAGGAGGGGCUCAGGG,CUGGCCCUCUCUGCCCUUCCGU,3p
hsa-mir-329-1,AGAGGUUUUCUGGGUUUCUGUUUCUUUAAUGAGGACGAAACACACCUGGUUAACCUCUUU,AGAGGUUUUCUGGGUUUCUGUUUC,AACACACCUGGUUAACCUCUUU,3p
hsa-mir-329-2,AGAGGUUUUCUGGGUUUCUGUUUCUUUAUUGAGGACGAAACACACCUGGUUAACCUCUUU,AGAGGUUUUCUGGGUUUCUGUUUC,AACACACCUGGUUAACCUCUUU,3p
hsa-mir-330,UCUCUGGGCCUGUGUCUUAGGCUCUGCAAGAUCAACCGAGCAAAGCACACGGCCUGCAGAGAGG,UCUCUGGGCCUGUGUCUUAGGCU,CAAAGCACACGGCCUGCAGAGAGG,3p
hsa-mir-331,CUAGGUAUGGUCCCAGGGAUCCCAGAUCAAACCAGGCCCCUGGGCCUAUCCUAGAA,CUAGGUAUGGUCCCAGGGAUCC,GCCCCUGGGCCUAUCCUAGAA,3p
hsa-mir-335,UCAAGAGCAAUAACGAAAAAUGUUUGUCAUAAACCGUUUUUCAUUAUUGCUCCUGACC,UCAAGAGCAAUAACGAAAAAUG,UUUUUCAUUAUUGCUCCUGACC,5p
hsa-mir-337,GAACGGCUUCAUACAGGAGUUGAUGCACAGUUAUCCAGCUCCUAUAUGAUGCCUUUCUUC,GAACGGCUUCAUACAGGAGU,UCCUAUAUGAUGCCUUUCUUC,3p
hsa-mir-338,AACAAUAUCCUGGUGCUGAGUGAUGACUCAGGCGACUCCAGCAUCAGUGAUUUUGUUGA,AACAAUAUCCUGGUGCUGAGU,UCCAGCAUCAGUGAUUUUGUUGA,3p
hsa-mir-339,UCCCUGUCCUCCAGGAGCUCACGUGUGCCUGCCUGUGAGCGCCUCGACGACAGAGCCG,UCCCUGUCCUCCAGGAGCUCACG,UGAGCGCCUCGACGACAGAGCCG,5p
hsa-mir-33a,GUGCAUUGUAGUUGCAUUGCAUGUUCUGGUGGUACCCAUGCAAUGUUUCCACAGUGCAUCA,GUGCAUUGUAGUUGCAUUGCA,CAAUGUUUCCACAGUGCAUCA,5p
hsa-mir-33b,GUGCAUUGCUGUUGCAUUGCACGUGUGUGAGGCGGGUGCAGUGCCUCGGCAGUGCAGCC,GUGCAUUGCUGUUGCAUUGCA,CAGUGCCUCGGCAGUGCAGCC,3p
hsa-mir-340,UUAUAAAGCAAUGAGACUGAUUGUCAUAUGUCGUUUGUGGGAUCCGUCUCAGUUACUUUAUAGCC,UUAUAAAGCAAUGAGACUGAUU,UCCGUCUCAGUUACUUUAUAGCC,5p
hsa-mir-342,AGGGGUGCUAUCUGUGAUUGAGGGACAUGGUUAAUGGAAUUGUCUCACACAGAAAUCGCACCCGUCA,AGGGGUGCUAUCUGUGAUUGAGGGACA,UCUCACACAGAAAUCGCACCCGUCA,3p
hsa-mir-345,GCUGACUCCUAGUCCAGGGCUCGUGAUGGCUGGUGGGCCCUGAACGAGGGGUCUGGAG,GCUGACUCCUAGUCCAGGGCUC,GCCCUGAACGAGGGGUCUGGAG,5p
hsa-mir-346,UGUCUGCCCGCAUGCCUGCCUCUCUGUUGCUCUGAAGGAGGCAGGGGCUGGGCCUGCAGC,UGUCUGCCCGCAUGCCUGCCUCU,AGGCAGGGGCUGGGCCUGCAGC,5p
hsa-mir-34a,UGGCAGUGUCUUAGCUGGUUGUUGUGAGCAAUAGUAAGGAAGCAAUCAGCAAGUAUACUGCCCUA,UGGCAGUGUCUUAGCUGGUUGU,AAUCAGCAAGUAUACUGCCCUA,5p
hsa-mir-34b,AGGCAGUGUCAUUAGCUGAUUGUACUGUGGUGGUUACAAUCACUAACUCCACUGCCAUC,AGGCAGUGUCAUUAGCUGAUUGU,AAUCACUAACUCCACUGCCAUC,5p
hsa-mir-34c,AGGCAGUGUAGUUAGCUGAUUGCUAAUAGUACCAAUCACUAACCACACGGCCAGG,AGGCAGUGUAGUUAGCUGAUUGC,AAUCACUAACCACACGGCCAGG,5p
hsa-mir-3605,UGAGGAUGGAUAGCAAGGAAGCCGCUCCCACCUGACCCUCACGGCCUCCGUGUUACCUGUCCUCUAG,UGAGGAUGGAUAGCAAGGAAGCC,CCUCCGUGUUACCUGUCCUCUAG,5p
hsa-mir-361,UUAUCAGAAUCUCCAGGGGUACUUUAUAAUUUCAAAAAGUCCCCCAGGUGUGAUUCUGAUUUGC,UUAUCAGAAUCUCCAGGGGUAC,CCCCCAGGUGUGAUUCUGAUUUGC,5p
hsa-mir-3611,AAGAAUUUCUUUUUCUUCACAAUUAUGAAAGAAAAGAAAUUGUGAAGAAAGAAAUUCUUAC,AAGAAUUUCUUUUUCUUCACAAUU,UUGUGAAGAAAGAAAUUCUUAC,3p
hsa-mir-3612,AGGAGGCAUCUUGAGAAAUGGAAGGAAUGGGAUCUACUUCCAGUUCACUAGAGGCGUCCUGA,AGGAGGCAUCUUGAGAAAUGGA,CAGUUCACUAGAGGCGUCCUGA,5p
hsa-mir-3613,UGUUGUACUUUUUUUUUUGUUCGUUGCAUUUUUAGGAACAAAAAAAAAAGCCCAACCCU,UGUUGUACUUUUUUUUUUGUUC,ACAAAAAAAAAAGCCCAACCCU,5p
hsa-mir-3614,CCACUUGGAUCUGAAGGCUGCCCCUUUGCUCUCUGGGGUAGCCUUCAGAUCUUGGUGUUU,CCACUUGGAUCUGAAGGCUGCC,UAGCCUUCAGAUCUUGGUGUUU,5p
hsa-mir-3617,AAAGACAUAGUUGCAAGAUGGGAUUAGAAACCAUAUGUCUCAUCAGCACCCUAUGUCCUUUCU,AAAGACAUAGUUGCAAGAUGGG,CAUCAGCACCCUAUGUCCUUUCU,5p
hsa-mir-3619,UCAGCAGGCAGGCUGGUGCAGCCCGUGGUGGGGGACCAUCCUGCCUGCUGUGGG,UCAGCAGGCAGGCUGGUGCAGC,GGGACCAUCCUGCCUGCUGUGGG,5p
hsa-mir-362,AAUCCUUGGAACCUAGGUGUGAGUGCUAUUUCAGUGCAACACACCUAUUCAAGGAUUCA,AAUCCUUGGAACCUAGGUGUGAGUGC,AACACACCUAUUCAAGGAUUCA,5p
hsa-mir-3622a,CAGGCACGGGAGCUCAGGUGAGGCAGGGAGCUGAGCUCACCUGACCUCCCAUGCCUGUG,CAGGCACGGGAGCUCAGGUGAG,CACCUGACCUCCCAUGCCUGUG,5p
hsa-mir-363,CGGGUGGAUCACGAUGCAAUUUUGAUGAGUAUCAUAGGAGAAAAAUUGCACGGUAUCCAUCUGUA,CGGGUGGAUCACGAUGCAAUUUU,AAUUGCACGGUAUCCAUCUGUA,3p
hsa-mir-365a,AGGGACUUUUGGGGGCAGAUGUGUUUCCAUUCCACUAUCAUAAUGCCCCUAAAAAUCCUUA,AGGGACUUUUGGGGGCAGAUGUG,UAAUGCCCCUAAAAAUCCUUA,3p
hsa-mir-365b,AGGGACUUUCAGGGGCAGCUGUGUUUUCUGACUCAGUCAUAAUGCCCCUAAAAAUCCUUAU,AGGGACUUUCAGGGGCAGCUGUG,UAAUGCCCCUAAAAAUCCUUAU,3p
hsa-mir-367,ACUGUUGCUAAUAUGCAACUCUGUUGAAUAUAAAUUGGAAUUGCACUUUAGCAAUGGUGA,ACUGUUGCUAAUAUGCAACUCU,AAUUGCACUUUAGCAAUGGUGA,3p
hsa-mir-3681,UAGUGGAUGAUGCACUCUGUGCAGGGCCAACUGUGCACACAGUGCUUCAUCCACUACU,UAGUGGAUGAUGCACUCUGUGC,ACACAGUGCUUCAUCCACUACU,5p
hsa-mir-369,AGAUCGACCGUGUUAUAUUCGCUUUAUUGACUUCGAAUAAUACAUGGUUGAUCUUU,AGAUCGACCGUGUUAUAUUCG,AAUAAUACAUGGUUGAUCUUU,5p
hsa-mir-3690-1,ACCUGGACCCAGCGUAGACAAAGAGGUGUUUCUACUCCAUAUCUACCUGGACCCAGUGU,ACCUGGACCCAGCGUAGACAAAGA,CAUAUCUACCUGGACCCAGUGU,5p
hsa-mir-370,CAGGUCACGUCUCUGCAGUUACACAGCUCACGAGUGCCUGCUGGGGUGGAACCUGGU,CAGGUCACGUCUCUGCAGUUAC,GCCUGCUGGGGUGGAACCUGGU,3p
hsa-mir-371a,ACUCAAACUGUGGGGGCACUUUCUGCUCUCUGGUGAAAGUGCCGCCAUCUUUUGAGUGU,ACUCAAACUGUGGGGGCACUUUC,AAGUGCCGCCAUCUUUUGAGUGU,5p
hsa-mir-372,CCUCAAAUGUGGAGCACUAUUCUGAUGUCCAAGUGGAAAGUGCUGCGACAUUUGAGCGU,CCUCAAAUGUGGAGCACUAUUCU,AAAGUGCUGCGACAUUUGAGCGU,3p
hsa-mir-373,ACUCAAAAUGGGGGCGCUUUCCUUUUUGUCUGUACUGGGAAGUGCUUCGAUUUUGGGGUGU,ACUCAAAAUGGGGGCGCUUUCC,GAAGUGCUUCGAUUUUGGGGUGU,3p
hsa-mir-374a,UUAUAAUACAACCUGAUAAGUGUUAUAGCACUUAUCAGAUUGUAUUGUAAUU,UUAUAAUACAACCUGAUAAGUG,CUUAUCAGAUUGUAUUGUAAUU,5p
hsa-mir-374b,AUAUAAUACAACCUGCUAAGUGUCCUAGCACUUAGCAGGUUGUAUUAUCAUU,AUAUAAUACAACCUGCUAAGUG,CUUAGCAGGUUGUAUUAUCAUU,5p
hsa-mir-375,GCGACGAGCCCCUCGCACAAACCGGACCUGAGCGUUUUGUUCGUUCGGCUCGCGUGA,GCGACGAGCCCCUCGCACAAACC,UUUGUUCGUUCGGCUCGCGUGA,3p
hsa-mir-376a-1,GUAGAUUCUCCUUCUAUGAGUACAUUAUUUAUGAUUAAUCAUAGAGGAAAAUCCACGU,GUAGAUUCUCCUUCUAUGAGUA,AUCAUAGAGGAAAAUCCACGU,3p
hsa-mir-376a-2,GUAGAUUUUCCUUCUAUGGUUACGUGUUUGAUGGUUAAUCAUAGAGGAAAAUCCACGU,GUAGAUUUUCCUUCUAUGGUUA,AUCAUAGAGGAAAAUCCACGU,3p
hsa-mir-376b,GUGGAUAUUCCUUCUAUGUUUACGUGAUUCCUGGUUAAUCAUAGAGGAAAAUCCAUGU,GUGGAUAUUCCUUCUAUGUUUA,AUCAUAGAGGAAAAUCCAUGU,3p
hsa-mir-376c,GUGGAUAUUCCUUCUAUGUUUAUGUUAUUUAUGGUUAAACAUAGAGGAAAUUCCACGU,GUGGAUAUUCCUUCUAUGUUUA,AACAUAGAGGAAAUUCCACGU,3p
hsa-mir-377,AGAGGUUGCCCUUGGUGAAUUCGCUUUAUUUAUGUUGAAUCACACAAAGGCAACUUUUGU,AGAGGUUGCCCUUGGUGAAUUC,AUCACACAAAGGCAACUUUUGU,5p
hsa-mir-378a,CUCCUGACUCCAGGUCCUGUGUGUUACCUAGAAAUAGCACUGGACUUGGAGUCAGAAGGC,CUCCUGACUCCAGGUCCUGUGU,ACUGGACUUGGAGUCAGAAGGC,3p
hsa-mir-379,UGGUAGACUAUGGAACGUAGGCGUUAUGAUUUCUGACCUAUGUAACAUGGUCCACUAAC,UGGUAGACUAUGGAACGUAGG,UAUGUAACAUGGUCCACUAAC,5p
hsa-mir-380,AUGGUUGACCAUAGAACAUGCGCUAUCUCUGUGUCGUAUGUAAUAUGGUCCACAUCU,AUGGUUGACCAUAGAACAUGCG,UAUGUAAUAUGGUCCACAUCU,5p
hsa-mir-381,AGCGAGGUUGCCCUUUGUAUAUUCGGUUUAUUGACAUGGAAUAUACAAGGGCAAGCUCUCUGU,AGCGAGGUUGCCCUUUGUAUAUU,UAUACAAGGGCAAGCUCUCUGU,3p
hsa-mir-382,GAAGUUGUUCGUGGUGGAUUCGCUUUACUUAUGACGAAUCAUUCACGGACAACACUUU,GAAGUUGUUCGUGGUGGAUUCG,AAUCAUUCACGGACAACACUUU,5p
hsa-mir-383,AGAUCAGAAGGUGAUUGUGGCUUUGGGUGGAUAUUAAUCAGCCACAGCACUGCCUGGUCAGA,AGAUCAGAAGGUGAUUGUGGCU,CCACAGCACUGCCUGGUCAGA,5p
hsa-mir-3909,GAGCAGGCUCCGGGGGACAGGGAAAAGCACACAAGGAACUUGUCCUCUAGGGCCUGCAGUCU,GAGCAGGCUCCGGGGGACAGG,UGUCCUCUAGGGCCUGCAGUCU,3p
hsa-mir-3918,ACAGGGCCGCAGAUGGAGACUGCUCAAGGUCAAAGGGGUCUCCAGCUGGGACCCUGCAC,ACAGGGCCGCAGAUGGAGACU,UCUCCAGCUGGGACCCUGCAC,5p
hsa-mir-3924,UAGUAGUCAAAUAUGCAGAUCUAUGUCAUAUAUACAGAUAUGUAUAUGUGACUGCUACU,UAGUAGUCAAAUAUGCAGAUCU,AUAUGUAUAUGUGACUGCUACU,5p
hsa-mir-3940,GUGGGUUGGGGCGGGCUCUGGGGAUUUGGUCUCACAGCCCGGAUCCCAGCCCACUU,GUGGGUUGGGGCGGGCUCUG,CAGCCCGGAUCCCAGCCCACUU,3p
hsa-mir-3942,AGCAAUACUGUUACCUGAAAUAGGCUGCGAAGAUAACAGUAUUUCAGAUAACAGUAUUACAUC,AGCAAUACUGUUACCUGAAAUA,UUUCAGAUAACAGUAUUACAUC,5p
hsa-mir-3944,UGUGCAGCAGGCCAACCGAGAAGCGCCUGCGUCUCCCAUUUUCGGGCUGGCCUGCUGCUCCGG,UGUGCAGCAGGCCAACCGAGAA,UUCGGGCUGGCCUGCUGCUCCGG,5p
hsa-mir-410,AGGUUGUCUGUGAUGAGUUCGCUUUUAUUAAUGACGAAUAUAACACAGAUGGCCUGU,AGGUUGUCUGUGAUGAGUUCG,AAUAUAACACAGAUGGCCUGU,3p
hsa-mir-411,UAGUAGACCGUAUAGCGUACGCUUUAUCUGUGACGUAUGUAACACGGUCCACUAAC,UAGUAGACCGUAUAGCGUACG,UAUGUAACACGGUCCACUAAC,5p
hsa-mir-412,UGGUCGACCAGUUGGAAAGUAAUUGUUUCUAAUGUACUUCACCUGGUCCACUAGC,UGGUCGACCAGUUGGAAAGUAAU,UACUUCACCUGGUCCACUAGC,5p
hsa-mir-421,CUCAUUAAAUGUUUGUUGAAUGAAAAAAUGAAUCAUCAACAGACAUUAAUUGGGCG,CUCAUUAAAUGUUUGUUGAAUGA,AUCAACAGACAUUAAUUGGGCG,3p
hsa-mir-423,UGAGGGGCAGAGAGCGAGACUUUUCUAUUUUCCAAAAGCUCGGUCUGAGGCCCCUCAGU,UGAGGGGCAGAGAGCGAGACUUU,AGCUCGGUCUGAGGCCCCUCAGU,5p
hsa-mir-424,CAGCAGCAAUUCAUGUUUUGAAGUGUUCUAAAUGGUUCAAAACGUGAGGCGCUGCUAUA,CAGCAGCAAUUCAUGUUUUGAA,CAAAACGUGAGGCGCUGCUAUA,5p
hsa-mir-425,AAUGACACGAUCACUCCCGUUGAGUGGGCACCCGAGAAGCCAUCGGGAAUGUCGUGUCCGCCC,AAUGACACGAUCACUCCCGUUG,UCGGGAAUGUCGUGUCCGCCC,5p
hsa-mir-429,GUCUUACCAGACAUGGUUAGACCUGGCCCUCUGUCUAAUACUGUCUGGUAAAACCGU,GUCUUACCAGACAUGGUUAGA,UAAUACUGUCUGGUAAAACCGU,3p
hsa-mir-431,UGUCUUGCAGGCCGUCAUGCAGGCCACACUGACGGUAACGUUGCAGGUCGUCUUGCAGGGCUUCU,UGUCUUGCAGGCCGUCAUGCA,CAGGUCGUCUUGCAGGGCUUCU,5p
hsa-mir-432,UCUUGGAGUAGGUCAUUGGGUGGAUCCUCUAUUUCCUUACGUGGGCCACUGGAUGGCUCCUCCAUGUCU,UCUUGGAGUAGGUCAUUGGGUGG,ACUGGAUGGCUCCUCCAUGUCU,5p
hsa-mir-433,UACGGUGAGCCUGUCAUUAUUCAGAGAGGCUAGAUCCUCUGUGUUGAGAAGGAUCAUGAUGGGCUCCUCGGUGU,UACGGUGAGCCUGUCAUUAUUC,AUCAUGAUGGGCUCCUCGGUGU,3p
hsa-mir-4424,AGAGUUAACUCAAAAUGGACUAAUUUUUCCACUAGUUAGUCCAUUUCAAGUUAACUCUGU,AGAGUUAACUCAAAAUGGACUA,GUCCAUUUCAAGUUAACUCUGU,3p
hsa-mir-4428,UGCCAUGUUGCCUGCUCCUUACUGUACACGUGGCUGGCAAGGAGACGGGAACAUGGAGCC,UGCCAUGUUGCCUGCUCCUUACU,CAAGGAGACGGGAACAUGGAGCC,5p
hsa-mir-448,GAACAUCCUGCAUAGUGCUGCCAGGAAAUCCCUAUUUCAUAUAAGAGGGGGCUGGCUGGUUGCAUAUGUAGGAUGUCCC,GAACAUCCUGCAUAGUGCUGCC,UUGCAUAUGUAGGAUGUCCC,3p
hsa-mir-449a,UGGCAGUGUAUUGUUAGCUGGUUGAAUAUGUGAAUGGCAUCGGCUAACAUGCAACUGCUGUC,UGGCAGUGUAUUGUUAGCUGGU,CGGCUAACAUGCAACUGCUGUC,5p
hsa-mir-449b,AGGCAGUGUAUUGUUAGCUGGCUGCUUGGGUCAAGUCAGCAGCCACAACUACCCUGCCAC,AGGCAGUGUAUUGUUAGCUGGCUGCU,CAGCCACAACUACCCUGCCAC,5p
hsa-mir-449c,AGGCAGUGUAUUGCUAGCGGCUGUUAAUGAUUUUAACAGUUGCUAGUUGCACUCCUCU,AGGCAGUGUAUUGCUAGCGGCUGUU,CAGUUGCUAGUUGCACUCCUCU,5p
hsa-mir-450a-1,UUUUGCGAUGUGUUCCUAAUAUGCACUAUAAAUAUAUUGGGAACAUUUUGCAUGUAU,UUUUGCGAUGUGUUCCUAAUAU,AUUGGGAACAUUUUGCAUGUAU,5p
hsa-mir-450a-2,UUUUGCGAUGUGUUCCUAAUAUGUAAUAUAAAUGUAUUGGGGACAUUUUGCAUUCAU,UUUUGCGAUGUGUUCCUAAUAU,AUUGGGGACAUUUUGCAUUCAU,5p
hsa-mir-450b,UUUUGCAAUAUGUUCCUGAAUAUGUAAUAUAAGUGUAUUGGGAUCAUUUUGCAUCCAU,UUUUGCAAUAUGUUCCUGAAUAU,AUUGGGAUCAUUUUGCAUCCAU,5p
hsa-mir-452,AACUGUUUGCAGAGGAAACUGAGACUUUGUAACUAUGUCUCAGUCUCAUCUGCAAAGAAGU,AACUGUUUGCAGAGGAAACUGAGA,UCAGUCUCAUCUGCAAAGAAGU,5p
hsa-mir-4524a,AGCAGCAUGAACCUGUCUCACUGCAGAAUUAUUUUGAGACAGGCUUAUGCUGCUAU,AGCAGCAUGAACCUGUCUCACU,UGAGACAGGCUUAUGCUGCUAU,3p
hsa-mir-454,ACCCUAUCAAUAUUGUCUCUGCUGUGUAAAUAGUUCUGAGUAGUGCAAUAUUGCUUAUAGGGUUU,ACCCUAUCAAUAUUGUCUCUGCU,UAGUGCAAUAUUGCUUAUAGGGUUU,3p
hsa-mir-455,UAUGUGCCUUUGGACUACAUCGUGGAAGCCAGCACCAUGCAGUCCAUGGGCAUAUACA,UAUGUGCCUUUGGACUACAUCG,AUGCAGUCCAUGGGCAUAUACA,5p
hsa-mir-4637,ACUUGGAUCUGCAAUUAGUAUUUUAAUCAUAGAUUGUAUUUAGUUAGUUUUUAAUACUAACUGCAGAUUCAAGUGA,ACUUGGAUCUGCAAUUAGUAUU,UACUAACUGCAGAUUCAAGUGA,3p
hsa-mir-4640,UGGGCCAGGGAGCAGCUGGUGGGUGGGAAGUAAGAUCUGACCUGGACUCCAUCCCACCCACCCCCUGUUUCCUGGCCCACA,UGGGCCAGGGAGCAGCUGGUGGG,CACCCCCUGUUUCCUGGCCCACA,5p
hsa-mir-4661,AACUAGCUCUGUGGAUCCUGACAGACAGCCUGAUAGACAGGAUCCACAGAGCUAGUCCA,AACUAGCUCUGUGGAUCCUGAC,CAGGAUCCACAGAGCUAGUCCA,5p
hsa-mir-4662a,UUAGCCAAUUGUCCAUCUUUAGCUAUUCUGAAUGCCUAAAGAUAGACAAUUGGCUAAAU,UUAGCCAAUUGUCCAUCUUUAG,AAAGAUAGACAAUUGGCUAAAU,5p
hsa-mir-4664,UGGGGUGCCCACUCCGCAAGUUAUCACUGAGCGACUUCCGGUCUGUGAGCCCCGUC,UGGGGUGCCCACUCCGCAAGUU,CUUCCGGUCUGUGAGCCCCGUC,5p
hsa-mir-4677,UUGUUCUUUGGUCUUUCAGCCAUGACCUGACCUUCUGUCUGUGAGACCAAAGAACUACU,UUGUUCUUUGGUCUUUCAGCCA,UCUGUGAGACCAAAGAACUACU,3p
hsa-mir-4731,UGCUGGGGGCCACAUGAGUGUGCAGUCAUCCACACACAAGUGGCCCCCAACACU,UGCUGGGGGCCACAUGAGUGUG,CACACAAGUGGCCCCCAACACU,5p
hsa-mir-4739,AAGGGAGGAGGAGCGGAGGGGCCCUUGUCUUCCCAGAGCCUCUCCCUUCCUCCCCUCC,AAGGGAGGAGGAGCGGAGGGGCCCU,AGCCUCUCCCUUCCUCCCCUCC,5p
hsa-mir-4761,ACAAGGUGUGCAUGCCUGACCCGUUGUCAGACCUGGAAAAAGGGCCGGCUGUGGGCAGGGAGGGCAUGCGCACUUUGUCC,ACAAGGUGUGCAUGCCUGACC,GAGGGCAUGCGCACUUUGUCC,5p
hsa-mir-4766,UCUGAAAGAGCAGUUGGUGUUUAUUUUUUACUAAAUAGCAAUUGCUCUUUUGGAAG,UCUGAAAGAGCAGUUGGUGUUU,AUAGCAAUUGCUCUUUUGGAAG,5p
hsa-mir-483,AAGACGGGAGGAAAGAAGGGAGUGGUUCCAUCACGCCUCCUCACUCCUCUCCUCCCGUCUUCU,AAGACGGGAGGAAAGAAGGGAG,CACUCCUCUCCUCCCGUCUUCU,5p
hsa-mir-485,AGAGGCUGGCCGUGAUGAAUUCGAUUCAUCAAAGCGAGUCAUACACGGCUCUCCUCUCU,AGAGGCUGGCCGUGAUGAAUUCG,GUCAUACACGGCUCUCCUCUCU,5p
hsa-mir-486-1,UCCUGUACUGAGCUGCCCCGAGGCCCUUCAUGCUGCCCAGCUCGGGGCAGCUCAGUACAGGAUA,UCCUGUACUGAGCUGCCCCGAG,CGGGGCAGCUCAGUACAGGAUA,5p
hsa-mir-487a,GUGGUUAUCCCUGCUGUGUUCGCUUAAUUUAUGACGAAUCAUACAGGGACAUCCAGUU,GUGGUUAUCCCUGCUGUGUUCG,AAUCAUACAGGGACAUCCAGUU,5p
hsa-mir-487b,GUGGUUAUCCCUGUCCUGUUCGUUUUGCUCAUGUCGAAUCGUACAGGGUCAUCCACUU,GUGGUUAUCCCUGUCCUGUUCG,AAUCGUACAGGGUCAUCCACUU,3p
hsa-mir-488,CCCAGAUAAUGGCACUCUCAAACAAGUUUCCAAAUUGUUUGAAAGGCUAUUUCUUGGUC,CCCAGAUAAUGGCACUCUCAAAC,UUGAAAGGCUAUUUCUUGGUC,5p
hsa-mir-489,GGUCGUAUGUGUGACGCCAUUUACUUGAACCUUUAGGAGUGACAUCACAUAUACGGCAGC,GGUCGUAUGUGUGACGCCAUUU,GUGACAUCACAUAUACGGCAGC,3p
hsa-mir-490,CCAUGGAUCUCCAGGUGGGUCAAGUUUAGAGAUGCACCAACCUGGAGGACUCCAUGCUGU,CCAUGGAUCUCCAGGUGGGU,CAACCUGGAGGACUCCAUGCUGU,3p
hsa-mir-491,AGUGGGGAACCCUUCCAUGAGGAGUAGAACACUCCUUAUGCAAGAUUCCCUUCUAC,AGUGGGGAACCCUUCCAUGAGGA,CUUAUGCAAGAUUCCCUUCUAC,5p
hsa-mir-493,UUGUACAUGGUAGGCUUUCAUUCAUUCGUUUGCACAUUCGGUGAAGGUCUACUGUGUGCCAG,UUGUACAUGGUAGGCUUUCAUU,UGAAGGUCUACUGUGUGCCAG,5p
hsa-mir-494,AGGUUGUCCGUGUUGUCUUCUCUUUAUUUAUGAUGAAACAUACACGGGAAACCUCU,AGGUUGUCCGUGUUGUCUUCUCU,UGAAACAUACACGGGAAACCUCU,3p
hsa-mir-495,GAAGUUGCCCAUGUUAUUUUCGCUUUAUAUGUGACGAAACAAACAUGGUGCACUUCUU,GAAGUUGCCCAUGUUAUUUUCG,AAACAAACAUGGUGCACUUCUU,3p
hsa-mir-496,GGUUGUCCAUGGUGUGUUCAUUUUAUUUAUGAUGAGUAUUACAUGGCCAAUCUC,GGUUGUCCAUGGUGUGUUCAUU,UGAGUAUUACAUGGCCAAUCUC,3p
hsa-mir-497,CAGCAGCACACUGUGGUUUGUACGGCACUGUGGCCACGUCCAAACCACACUGUGGUGUUAGA,CAGCAGCACACUGUGGUUUGUA,CAAACCACACUGUGGUGUUAGA,5p
hsa-mir-498,UUUCAAGCCAGGGGGCGUUUUUCUAUAACUGGAUGAAAAGCACCUCCAGAGCUUGAAGCU,UUUCAAGCCAGGGGGCGUUUUUC,AAAGCACCUCCAGAGCUUGAAGCU,5p
hsa-mir-499a,UUAAGACUUGCAGUGAUGUUUAACUCCUCUCCACGUGAACAUCACAGCAAGUCUGUGCU,UUAAGACUUGCAGUGAUGUUUA,AACAUCACAGCAAGUCUGUGCU,5p
hsa-mir-5000,CCAGUUCAGAAGUGUUCCUGAGUAACUUGUGCUUAUAACUCAGGACACUUCUGAACUUGGA,CCAGUUCAGAAGUGUUCCUGAGU,UCAGGACACUUCUGAACUUGGA,3p
hsa-mir-5009,UUGGACUUUUUCAGAUUUGGGGAUAUUUGCAUUAUACUUAUCCUAAAUCUGAAAGUCCAAAA,UUGGACUUUUUCAGAUUUGGGGAU,UCCUAAAUCUGAAAGUCCAAAA,3p
hsa-mir-500a,UAAUCCUUGCUACCUGGGUGAGAGUGCUGUCUGAAUGCAAUGCACCUGGGCAAGGAUUCUGA,UAAUCCUUGCUACCUGGGUGAGAGU,AUGCACCUGGGCAAGGAUUCUGA,3p
hsa-mir-500b,UAAUCCUUGCUACCUGGGUGAGAGUGCUUUCUGAAUGCAGUGCACCCAGGCAAGGAUUCUGC,UAAUCCUUGCUACCUGGGUGAGAGU,AGUGCACCCAGGCAAGGAUUCUGC,5p
hsa-mir-501,AAUCCUUUGUCCCUGGGUGAGAGUGCUUUCUGAAUGCAAUGCACCCGGGCAAGGAUUCUG,AAUCCUUUGUCCCUGGGUGAGAGU,AAUGCACCCGGGCAAGGAUUCUG,3p
hsa-mir-5010,AGGGGGAUGGCAGAGCAAAAUUCAUGGCCUACAGCUGCCUCUUGCCAAACUGCACUGGAUUUUGUGUCUCCCAUUCCCCAG,AGGGGGAUGGCAGAGCAAAAUU,UUUUGUGUCUCCCAUUCCCCAG,3p
hsa-mir-502,AAUCCUUGCUAUCUGGGUGCUAGUGCUGGCUCAAUGCAAUGCACCUGGGCAAGGAUUCAG,AAUCCUUGCUAUCUGGGUGCUAGUGC,AAUGCACCUGGGCAAGGAUUCAG,3p
hsa-mir-503,UAGCAGCGGGAACAGUUCUGCAGUGAGCGAUCGGUGCUCUGGGGUAUUGUUUCCGCUGCCAGG,UAGCAGCGGGAACAGUUCUGCAG,GGGGUAUUGUUUCCGCUGCCAGG,5p
hsa-mir-504,AGACCCUGGUCUGCACUCUAUCUGUAUUCUUACUGAAGGGAGUGCAGGGCAGGGUUUCC,AGACCCUGGUCUGCACUCUAUC,GGGAGUGCAGGGCAGGGUUUCC,5p
hsa-mir-505,GGGAGCCAGGAAGUAUUGAUGUUUCUGCCAGUUUAGCGUCAACACUUGCUGGUUUCCUC,GGGAGCCAGGAAGUAUUGAUGUU,CGUCAACACUUGCUGGUUUCCUC,5p
hsa-mir-506,UAUUCAGGAAGGUGUUACUUAAUAGAUUAAUAUUUGUAAGGCACCCUUCUGAGUAGA,UAUUCAGGAAGGUGUUACUUAA,GUAAGGCACCCUUCUGAGUAGA,5p
hsa-mir-507,CACUUCAAGAAGUGCCAUGCAUGUGUCUAGAAAUAUGUUUUGCACCUUUUGGAGUGAA,CACUUCAAGAAGUGCCAUGCA,UUUUGCACCUUUUGGAGUGAA,3p
hsa-mir-508,UACUCCAGAGGGCGUCACUCAUGUAAACUAAAACAUGAUUGUAGCCUUUUGGAGUAGA,UACUCCAGAGGGCGUCACUCAUG,UGAUUGUAGCCUUUUGGAGUAGA,3p
hsa-mir-509-1,UACUGCAGACAGUGGCAAUCAUGUAUAAUUAAAAAUGAUUGGUACGUCUGUGGGUAGA,UACUGCAGACAGUGGCAAUCAUG,UGAUUGGUACGUCUGUGGGUAGA,3p
hsa-mir-509-2,UACUGCAGACAGUGGCAAUCAUGUAUAAUUAAAAAUGAUUGGUACGUCUGUGGGUAGA,UACUGCAGACAGUGGCAAUCAUG,UGAUUGGUACGUCUGUGGGUAGA,3p
hsa-mir-509-3,UACUGCAGACGUGGCAAUCAUGUAUAAUUAAAAAUGAUUGGUACGUCUGUGGGUAGA,UACUGCAGACGUGGCAAUCAUG,UGAUUGGUACGUCUGUGGGUAGA,3p
hsa-mir-5094,AUCAGUGAAUGCCUUGAACCUAACACACUGCCUUUUAUGUGGUAGGUACAGUGGGCUCACUGAAAC,AUCAGUGAAUGCCUUGAACCUAAC,UAGGUACAGUGGGCUCACUGAAAC,5p
hsa-mir-510,UACUCAGGAGAGUGGCAAUCACAUGUAAUUAGGUGUGAUUGAAACCUCUAAGAGUGGA,UACUCAGGAGAGUGGCAAUCACA,UGAUUGAAACCUCUAAGAGUGGA,5p
hsa-mir-511,CGUGUCUUUUGCUCUGCAGUCAGUAAAUAUUUUUUUGUGAAUGUGUAGCAAAAGACAGAAU,CGUGUCUUUUGCUCUGCAGUCA,AAUGUGUAGCAAAAGACAGAAU,5p
hsa-mir-512-1,ACUCAGCCUUGAGGGCACUUUCUGGUGCCAGAAUGAAAGUGCUGUCAUAGCUGAGGUC,ACUCAGCCUUGAGGGCACUUUC,AAGUGCUGUCAUAGCUGAGGUC,3p
hsa-mir-512-2,ACUCAGCCUUGAGGGCACUUUCUGGUGCCAGAAUGAAAGUGCUGUCAUAGCUGAGGUC,ACUCAGCCUUGAGGGCACUUUC,AAGUGCUGUCAUAGCUGAGGUC,3p
hsa-mir-513a-1,UUCACAGGGAGGUGUCAUUUAUGUGAACUAAAAUAUAAAUUUCACCUUUCUGAGAAGG,UUCACAGGGAGGUGUCAUUUAUG,UAAAUUUCACCUUUCUGAGAAGG,5p
hsa-mir-513a-2,UUCACAGGGAGGUGUCAUUUAUGUGAACUAAAAUAUAAAUUUCACCUUUCUGAGAAGG,UUCACAGGGAGGUGUCAUUUAUG,UAAAUUUCACCUUUCUGAGAAGG,5p
hsa-mir-513b,UUCACAAGGAGGUGUCAUUUAUGUGAACUAAAAUAUAAAUGUCACCUUUUUGAGAGGA,UUCACAAGGAGGUGUCAUUUAU,UAAAUGUCACCUUUUUGAGAGGA,5p
hsa-mir-513c,UUCUCAAGGAGGUGUCGUUUAUGUGAACUAAAAUAUAAAUUUCACCUUUCUGAGAAGA,UUCUCAAGGAGGUGUCGUUUAUG,UAAAUUUCACCUUUCUGAGAAGA,5p
hsa-mir-514a-1,UACUCUGGAGAGUGACAAUCAUGUAUAAUUAAAUUUGAUUGACACUUCUGUGAGUAGA,UACUCUGGAGAGUGACAAUCA,AUUGACACUUCUGUGAGUAGA,3p
hsa-mir-514a-2,UACUCUGGAGAGUGACAAUCAUGUAUAACUAAAUUUGAUUGACACUUCUGUGAGUAGA,UACUCUGGAGAGUGACAAUCA,AUUGACACUUCUGUGAGUAGA,3p
hsa-mir-514a-3,UACUCUGGAGAGUGACAAUCAUGUAUAACUAAAUUUGAUUGACACUUCUGUGAGUAGA,UACUCUGGAGAGUGACAAUCA,AUUGACACUUCUGUGAGUAGA,3p
hsa-mir-514b,UUCUCAAGAGGGAGGCAAUCAUGUGUAAUUAGAUAUGAUUGACACCUCUGUGAGUGGA,UUCUCAAGAGGGAGGCAAUCAU,AUUGACACCUCUGUGAGUGGA,5p
hsa-mir-515-1,UUCUCCAAAAGAAAGCACUUUCUGUUGUCUGAAAGCAGAGUGCCUUCUUUUGGAGCGUU,UUCUCCAAAAGAAAGCACUUUCUG,GAGUGCCUUCUUUUGGAGCGUU,5p
hsa-mir-515-2,UUCUCCAAAAGAAAGCACUUUCUGUUGUCUGAAAGCAGAGUGCCUUCUUUUGGAGCGUU,UUCUCCAAAAGAAAGCACUUUCUG,GAGUGCCUUCUUUUGGAGCGUU,5p
hsa-mir-516a-1,UUCUCGAGGAAAGAAGCACUUUCUGUUGUCUGAAAGAAAAGAAAGUGCUUCCUUUCAGAGGGU,UUCUCGAGGAAAGAAGCACUUUCU,AAAGUGCUUCCUUUCAGAGGGU,5p
hsa-mir-516a-2,UUCUCGAGGAAAGAAGCACUUUCUGUUGUCUGAAAGAAAAGAAAGUGCUUCCUUUCAGAGGGU,UUCUCGAGGAAAGAAGCACUUUCU,AAAGUGCUUCCUUUCAGAGGGU,5p
hsa-mir-516b-1,AUCUGGAGGUAAGAAGCACUUUCUGUUUUGUGAAAGAAAAGAAAGUGCUUCCUUUCAGAGGGU,AUCUGGAGGUAAGAAGCACUUUCU,AAAGUGCUUCCUUUCAGAGGGU,5p
hsa-mir-516b-2,AUCUGGAGGUAAGAAGCACUUUGUGUUUUGUGAAAGAAAGUGCUUCCUUUCAGAGGGU,AUCUGGAGGUAAGAAGCACUUUGU,AAAGUGCUUCCUUUCAGAGGGU,5p
hsa-mir-517a,CCUCUAGAUGGAAGCACUGUCUGUUGUAUAAAAGAAAAGAUCGUGCAUCCCUUUAGAGUGU,CCUCUAGAUGGAAGCACUGUCU,AUCGUGCAUCCCUUUAGAGUGU,3p
hsa-mir-517b,CCUCUAGAUGGAAGCACUGUCUGUUGUCUAAGAAAAGAUCGUGCAUCCCUUUAGAGUGU,CCUCUAGAUGGAAGCACUGUCU,AUCGUGCAUCCCUUUAGAGUGU,3p
hsa-mir-517c,CCUCUAGAUGGAAGCACUGUCUGUUGUCUAAGAAAAGAUCGUGCAUCCUUUUAGAGUGU,CCUCUAGAUGGAAGCACUGUCU,AUCGUGCAUCCUUUUAGAGUGU,3p
hsa-mir-518a-1,CUGCAAAGGGAAGCCCUUUCUGUUGUCUGAAAGAAGAGAAAGCGCUUCCCUUUGCUGGAU,CUGCAAAGGGAAGCCCUUUCUG,GAAAGCGCUUCCCUUUGCUGGAU,3p
hsa-mir-518a-2,CUGCAAAGGGAAGCCCUUUCUGUUGUCUAAAAGAAGAGAAAGCGCUUCCCUUUGCUGGAU,CUGCAAAGGGAAGCCCUUUCUG,GAAAGCGCUUCCCUUUGCUGGAU,3p
hsa-mir-518b,CUCCAGAGGGAAGCGCUUUCUGUUGUCUGAAAGAAAACAAAGCGCUCCCCUUUAGAGGU,CUCCAGAGGGAAGCGCUUUCUGU,CAAAGCGCUCCCCUUUAGAGGU,3p
hsa-mir-518c,CUCUGGAGGGAAGCACUUUCUGUUGUCUGAAAGAAAACAAAGCGCUUCUCUUUAGAGUG,CUCUGGAGGGAAGCACUUUCUG,CAAAGCGCUUCUCUUUAGAGUG,3p
hsa-mir-518d,CUCUAGAGGGAAGCACUUUCUGUUGUCUGAAAGAAACCAAAGCGCUUCCCUUUGGAGCG,CUCUAGAGGGAAGCACUUUCUG,CAAAGCGCUUCCCUUUGGAGCG,5p
hsa-mir-518e,CUCUAGAGGGAAGCGCUUUCUGUUGGCUAAAAGAAAAGAAAGCGCUUCCCUUCAGAGUG,CUCUAGAGGGAAGCGCUUUCUG,GAAAGCGCUUCCCUUCAGAGUG,5p
hsa-mir-518f,CUCUAGAGGGAAGCACUUUCUCUUGUCUAAAAGAAAAGAAAGCGCUUCUCUUUAGAGGA,CUCUAGAGGGAAGCACUUUCUC,GAAAGCGCUUCUCUUUAGAGGA,3p
hsa-mir-5194,AGGCCCAUUCUUUUCACUCAGGAAUUGGAUAAGCUUUUCUGAGGGGUUUGGAAUGGGAUGG,AGGCCCAUUCUUUUCACUCAGG,UGAGGGGUUUGGAAUGGGAUGG,3p
hsa-mir-519a-1,ACUCUAGAGGGAAGCGCUUUCUGUUGUCUGAAAGAAAGGAAAGUGCAUCCUUUUAGAGUGU,ACUCUAGAGGGAAGCGCUUUCU,AAAGUGCAUCCUUUUAGAGUGU,5p
hsa-mir-519a-2,CCUCUACAGGGAAGCGCUUUCUGUUGUCUGAAAGAAAGGAAAGUGCAUCCUUUUAGAGUGU,CCUCUACAGGGAAGCGCUUUCU,AAAGUGCAUCCUUUUAGAGUGU,3p
hsa-mir-519b,CUCUAGAGGGAAGCGCUUUCUGUUGUCUGAAAGAAAAGAAAGUGCAUCCUUUUAGAGGUU,CUCUAGAGGGAAGCGCUUUCUG,AAAGUGCAUCCUUUUAGAGGUU,5p
hsa-mir-519c,CUCUAGAGGGAAGCGCUUUCUGUUGUCUGAAAGAAAAGAAAGUGCAUCUUUUUAGAGGAU,CUCUAGAGGGAAGCGCUUUCUG,AAAGUGCAUCUUUUUAGAGGAU,3p
hsa-mir-519d,CCUCCAAAGGGAAGCGCUUUCUGUUUGUUUUCUCUUAAACAAAGUGCCUCCCUUUAGAGUGU,CCUCCAAAGGGAAGCGCUUUCUGU,CAAAGUGCCUCCCUUUAGAGUGU,3p
hsa-mir-519e,UUCUCCAAAAGGGAGCACUUUCUGUUUGAAAGAAAACAAAGUGCCUCCUUUUAGAGUGU,UUCUCCAAAAGGGAGCACUUUC,CAAAGUGCCUCCUUUUAGAGUGU,5p
hsa-mir-520a,CUCCAGAGGGAAGUACUUUCUGUUGUCUGAGAGAAAAGAAAGUGCUUCCCUUUGGACUG,CUCCAGAGGGAAGUACUUUCU,AAAGUGCUUCCCUUUGGACUG,3p
hsa-mir-520b,CCUCUACAGGGAAGCGCUUUCUGUUGUCUGAAAGAAAAGAAAGUGCUUCCUUUUAGAGGGU,CCUCUACAGGGAAGCGCUUUCU,AAAGUGCUUCCUUUUAGAGGGU,3p
hsa-mir-520c,CUCUAGAGGGAAGCACUUUCUGUUGUCUGAAAGAAAAGAAAGUGCUUCCUUUUAGAGGGU,CUCUAGAGGGAAGCACUUUCU,AAAGUGCUUCCUUUUAGAGGGU,3p
hsa-mir-520d,CUACAAAGGGAAGCCCUUUCUGUUGUCUAAAAGAAAAGAAAGUGCUUCUCUUUGGUGGGU,CUACAAAGGGAAGCCCUUUCU,AAAGUGCUUCUCUUUGGUGGGU,3p
hsa-mir-520e,CCUCAAGAUGGAAGCAGUUUCUGUUGUCUGAAAGGAAAGAAAGUGCUUCCUUUUUGAGGGU,CCUCAAGAUGGAAGCAGUUUCU,AAAGUGCUUCCUUUUUGAGGGU,3p
hsa-mir-520f,CCUCUAAAGGGAAGCGCUUUCUGUGGUCAGAAAGAAAAGCAAGUGCUUCCUUUUAGAGGGU,CCUCUAAAGGGAAGCGCUUUCU,CAAGUGCUUCCUUUUAGAGGGU,3p
hsa-mir-520g,UCUAGAGGAAGCACUUUCUGUUUGUUGUCUGAGAAAAAACAAAGUGCUUCCCUUUAGAGU,UCUAGAGGAAGCACUUUCUGUU,CAAAGUGCUUCCCUUUAGAGU,3p
hsa-mir-520h,UCUAGAGGAAGCACUUUCUGUUUGUUGUCUGAGAAAAAACAAAGUGCUUCCCUUUAGAGU,UCUAGAGGAAGCACUUUCUGUU,CAAAGUGCUUCCCUUUAGAGU,3p
hsa-mir-521-1,CCUCCAAAGGGAAGAACUUUCUGUUGUCUAAAAGAAAAGAACGCACUUCCCUUUAGAGUGU,CCUCCAAAGGGAAGAACUUUCU,AACGCACUUCCCUUUAGAGUGU,3p
hsa-mir-521-2,UCUCCAAAGGGAAGAAUUUUCUCUUGUCUAAAAGAAAAGAACGCACUUCCCUUUAGAGUGU,UCUCCAAAGGGAAGAAUUUUCU,AACGCACUUCCCUUUAGAGUGU,3p
hsa-mir-522,CUCUAGAGGGAAGCGCUUUCUGUUGUCUGAAAGAAAAGAAAAUGGUUCCCUUUAGAGUGU,CUCUAGAGGGAAGCGCUUUCUG,AAAAUGGUUCCCUUUAGAGUGU,3p
hsa-mir-523,CUCUAGAGGGAAGCGCUUUCUGUUGUCUGAAAGAAAAGAACGCGCUUCCCUAUAGAGGG,CUCUAGAGGGAAGCGCUUUCUG,GAACGCGCUUCCCUAUAGAGGG,3p
hsa-mir-524,CUACAAAGGGAAGCACUUUCUCUUGUCCAAAGGAAAAGAAGGCGCUUCCCUUUGGAGUG,CUACAAAGGGAAGCACUUUCUC,GAAGGCGCUUCCCUUUGGAGUG,5p
hsa-mir-525,CUCCAGAGGGAUGCACUUUCUCUUAUGUGAAAAAAAAGAAGGCGCUUCCCUUUAGAGCG,CUCCAGAGGGAUGCACUUUCUC,GAAGGCGCUUCCCUUUAGAGCG,5p
hsa-mir-526a-1,CUCUAGAGGGAAGCACUUUCUGUUGCUUGAAAGAAGAGAAAGCGCUUCCUUUUAGAGGA,CUCUAGAGGGAAGCACUUUCUG,GAAAGCGCUUCCUUUUAGAGGA,5p
hsa-mir-526a-2,CUCUAGAGGGAAGCACUUUCUGUUGAAAGAAAAGAACAUGCAUCCUUUCAGAGGG,CUCUAGAGGGAAGCACUUUCUG,GAACAUGCAUCCUUUCAGAGGG,5p
hsa-mir-526b,CUCUUGAGGGAAGCACUUUCUGUUGUCUGAAAGAAGAGAAAGUGCUUCCUUUUAGAGGC,CUCUUGAGGGAAGCACUUUCUG,GAAAGUGCUUCCUUUUAGAGGC,5p
hsa-mir-527,CUGCAAAGGGAAGCCCUUUCUGUUGUCUAAAAGAAAAGAAAGUGCUUCCCUUUGGUGAA,CUGCAAAGGGAAGCCCUUUCU,AAAGUGCUUCCCUUUGGUGAA,5p
hsa-mir-532,CAUGCCUUGAGUGUAGGACCGUUGGCAUCUUAAUUACCCUCCCACACCCAAGGCUUGCA,CAUGCCUUGAGUGUAGGACCGU,CCUCCCACACCCAAGGCUUGCA,5p
hsa-mir-539,GGAGAAAUUAUCCUUGGUGUGUUCGCUUUAUUUAUGAUGAAUCAUACAAGGACAAUUUCUUUUU,GGAGAAAUUAUCCUUGGUGUGUUC,AUCAUACAAGGACAAUUUCUUUUU,3p
hsa-mir-541,AAAGGAUUCUGCUGUCGGUCCCACUCCAAAGUUCACAGAAUGGGUGGUGGGCACAGAAUCUGGACU,AAAGGAUUCUGCUGUCGGUCCCACU,UGGUGGGCACAGAAUCUGGACU,5p
hsa-mir-542,UCGGGGAUCAUCAUGUCACGAGAUACCAGUGUGCACUUGUGACAGAUUGAUAACUGAAA,UCGGGGAUCAUCAUGUCACGAG,UGUGACAGAUUGAUAACUGAAA,3p
hsa-mir-543,GAAGUUGCCCGUGUUUUUUUCGCUUUAUUUGUGACGAAACAUUCGCGGUGCACUUCUU,GAAGUUGCCCGUGUUUUUUUCG,AAACAUUCGCGGUGCACUUCUU,3p
hsa-mir-544a,UCUUGUUAAAAAGCAGAUUCUGAUUCAGGGACCAAGAUUCUGCAUUUUUAGCAAGUU,UCUUGUUAAAAAGCAGAUUCU,AUUCUGCAUUUUUAGCAAGUU,5p
hsa-mir-545,CCUCAGUAAAUGUUUAUUAGAUGAAUAAAUGAAUGACUCAUCAGCAAACAUUUAUUGUGUGCC,CCUCAGUAAAUGUUUAUUAGAUG,UCAGCAAACAUUUAUUGUGUGCC,5p
hsa-mir-551a,GAAAUCCAGAGUGGGUGGGGCCAGUCUGACCGUUUCUAGGCGACCCACUCUUGGUUUCCA,GAAAUCCAGAGUGGGUGGGGCCA,GCGACCCACUCUUGGUUUCCA,3p
hsa-mir-551b,GAAAUCAAGCGUGGGUGAGACCUGGUGCAGAACGGGAAGGCGACCCAUACUUGGUUUCAG,GAAAUCAAGCGUGGGUGAGACCU,GCGACCCAUACUUGGUUUCAG,3p
hsa-mir-552,UGUUUAACCUUUUGCCUGUUGGUUGAAGAUGCCUUUCAACAGGUGACUGGUUAGACAAA,UGUUUAACCUUUUGCCUGUUGG,AACAGGUGACUGGUUAGACAAA,3p
hsa-mir-556,GAUGAGCUCAUUGUAAUAUGAGCUUCAUUUAUACAUUUCAUAUUACCAUUAGCUCAUCUU,GAUGAGCUCAUUGUAAUAUGA,AUAUUACCAUUAGCUCAUCUU,5p
hsa-mir-5579,UAUGGUACUCCUUAAGCUAACAGGCCCCUGUCACCAUUAGCUUAAGGAGUACCAGAUC,UAUGGUACUCCUUAAGCUAACA,UUAGCUUAAGGAGUACCAGAUC,3p
hsa-mir-5581,GCCUUCCAGGAGAAAUGGAGACCCUAUACAUACCUGUUUCCAUGCCUCCUAGAAGUUCC,GCCUUCCAGGAGAAAUGGAGAC,UUCCAUGCCUCCUAGAAGUUCC,3p
hsa-mir-5586,UUAUCCAGCUUGUUACUAUAUGCUUUUUAAAUGGGGCACAGAGUGACAAGCUGGUUAAAG,UUAUCCAGCUUGUUACUAUAUG,CAGAGUGACAAGCUGGUUAAAG,5p
hsa-mir-561,AUCAAGGAUCUUAAACUUUGCCAGAGCUACAAAGGCAAAGUUUAAGAUCCUUGAAGU,AUCAAGGAUCUUAAACUUUGCC,CAAAGUUUAAGAUCCUUGAAGU,5p
hsa-mir-5687,CUGACUCUGAAAUCUUCUAAAUGGUACCCACUUUAUUUAGAACGUUUUAGGGUCAAAU,CUGACUCUGAAAUCUUCUAAAU,UUAGAACGUUUUAGGGUCAAAU,5p
hsa-mir-5691,UUGCUCUGAGCUCCGAGAAAGCUGACAGACAGCUGCUUGGUGUUCAGAGCUUGU,UUGCUCUGAGCUCCGAGAAAGCU,CUGCUUGGUGUUCAGAGCUUGU,5p
hsa-mir-574,UGAGUGUGUGUGUGUGAGUGUGUGUCGCUCCGGGUCCACGCUCAUGCACACACCCACA,UGAGUGUGUGUGUGUGAGUGUGUG,CACGCUCAUGCACACACCCACA,3p
hsa-mir-576,AUUCUAAUUUCUCCACGUCUUUGGUAAUAAGGUUUGGCAAAGAUGUGGAAAAAUUGGAAUCC,AUUCUAAUUUCUCCACGUCUUUG,AAGAUGUGGAAAAAUUGGAAUCC,5p
hsa-mir-577,GUAGAUAAAAUAUUGGUACCUGAUGAAUCUGAGGCCAGGUUUCAAUACUUUAUCUGCUC,GUAGAUAAAAUAUUGGUACCUG,GGUUUCAAUACUUUAUCUGCUC,5p
hsa-mir-579,UCGCGGUUUGUGCCAGAUGACGAUUUGAAUUAAUAAAUUCAUUUGGUAUAAACCGCGAUU,UCGCGGUUUGUGCCAGAUGACGA,UUCAUUUGGUAUAAACCGCGAUU,5p
hsa-mir-580,UAAUGAUUCAUCAGACUCAGAUAUUUAAGUUAACAGUAUUUGAGAAUGAUGAAUCAUUAGG,UAAUGAUUCAUCAGACUCAGAU,UUGAGAAUGAUGAAUCAUUAGG,3p
hsa-mir-582,UUACAGUUGUUCAACCAGUUACUAAUCUAACUAAUUGUAACUGGUUGAACAACUGAACCC,UUACAGUUGUUCAACCAGUUACU,UAACUGGUUGAACAACUGAACCC,3p
hsa-mir-584,UUAUGGUUUGCCUGGGACUGAGGAAUUUGCUGGGAUAUGUCAGUUCCAGGCCAACCAGGCUG,UUAUGGUUUGCCUGGGACUGA,AGUUCCAGGCCAACCAGGCUG,5p
hsa-mir-585,CUAGCACACAGAUACGCCCAGAGAAAGCCUGAACGUUGGGCGUAUCUGUAUGCUAGGG,CUAGCACACAGAUACGCCCAGA,UGGGCGUAUCUGUAUGCUAGGG,3p
hsa-mir-588,UUGGCCACAAUGGGUUAGAACACUAUUCCAUUGUGUUCUUACCCACCAUGGCCAAAAU,UUGGCCACAAUGGGUUAGAACA,UUCUUACCCACCAUGGCCAAAAU,5p
hsa-mir-589,UGAGAACCACGUCUGCUCUGAGCUGGGUACUGCCUGUUCAGAACAAAUGCCGGUUCCCAGA,UGAGAACCACGUCUGCUCUGAGC,UCAGAACAAAUGCCGGUUCCCAGA,5p
hsa-mir-590,GAGCUUAUUCAUAAAAGUGCAGUAUGGUGAAGUCAAUCUGUAAUUUUAUGUAUAAGCUAGU,GAGCUUAUUCAUAAAAGUGCAG,UAAUUUUAUGUAUAAGCUAGU,3p
hsa-mir-599,UUUGAUAAGCUGACAUGGGACAGGGAUUCUUUUCACUGUUGUGUCAGUUUAUCAAACCC,UUUGAUAAGCUGACAUGGGACA,UUGUGUCAGUUUAUCAAACCC,5p
hsa-mir-605,UAAAUCCCAUGGUGCCUUCUCCUUGGGAAAAACAGAGAAGGCACUAUGAGAUUUAGA,UAAAUCCCAUGGUGCCUUCUCC,AGAAGGCACUAUGAGAUUUAGA,3p
hsa-mir-615,GGGGGUCCCCGGUGCUCGGAUCUCGAGGGUGCUUAUUGUUCGGUCCGAGCCUGGGUCUCCCUCU,GGGGGUCCCCGGUGCUCGGAUC,UCCGAGCCUGGGUCUCCCUCU,3p
hsa-mir-616,ACUCAAAACCCUUCAGUGACUUCCAUGACAUGAAAUAGGAAGUCAUUGGAGGGUUUGAGCAG,ACUCAAAACCCUUCAGUGACUUCC,AAGUCAUUGGAGGGUUUGAGCAG,5p
hsa-mir-624,UAGUACCAGUACCUUGUGUUCAGUGGAACCAAGGUAAACACAAGGUAUUGGUAUUACC,UAGUACCAGUACCUUGUGUUCA,AACACAAGGUAUUGGUAUUACC,5p
hsa-mir-625,AGGGGGAAAGUUCUAUAGUCCUGAGAUCUAAUUACAGGACUAUAGAACUUUCCCCCUCA,AGGGGGAAAGUUCUAUAGUCCU,GACUAUAGAACUUUCCCCCUCA,5p
hsa-mir-627,UGAGUCUCUAAGAAAAGAGGAGGUGGUUGUUUUCCUCCUCUUUUCUUUGAGACUCACU,UGAGUCUCUAAGAAAAGAGGAGG,UCCUCUUUUCUUUGAGACUCACU,5p
hsa-mir-628,AUGCUGACAUAUUUACUAGAGGGUAAAAUUAAUAACCUUCUAGUAAGAGUGGCAGUCGAAG,AUGCUGACAUAUUUACUAGAGG,UCUAGUAAGAGUGGCAGUCGAAG,5p
hsa-mir-629,UGGGUUUACGUUGGGAGAACUUUUACGGUGAACCAGGAGGUUCUCCCAACGUAAGCCCAGC,UGGGUUUACGUUGGGAGAACUU,GUUCUCCCAACGUAAGCCCAGC,5p
hsa-mir-641,AAAGACAUAGGAUAGAGUCACCUCUGUCCUCUGUCCUCUACCUAUAGAGGUGACUGUCCUAUGUCUUUCC,AAAGACAUAGGAUAGAGUCACC,UGACUGUCCUAUGUCUUUCC,5p
hsa-mir-642a,GUCCCUCUCCAAAUGUGUCUUGGGGUGGGGGAUCAAGACACAUUUGGAGAGGGAACC,GUCCCUCUCCAAAUGUGUCUUG,AGACACAUUUGGAGAGGGAACC,5p
hsa-mir-6509,AUUAGGUAGUGGCAGUGGAACACUAUAUUAAUCAGGUUUCCACUGCCACUACCUAAUUU,AUUAGGUAGUGGCAGUGGAACA,UUCCACUGCCACUACCUAAUUU,5p
hsa-mir-651,UUUAGGAUAAGCUUGACUUUUGUUCAAAUAAAAAUGCAAAAGGAAAGUGUAUCCUAAAAG,UUUAGGAUAAGCUUGACUUUUG,AAAGGAAAGUGUAUCCUAAAAG,5p
hsa-mir-652,ACAACCCUAGGAGAGGGUGCCAUUCACAUAGACUAUAAUUGAAUGGCGCCACUAGGGUUGUG,ACAACCCUAGGAGAGGGUGCCAUU,AAUGGCGCCACUAGGGUUGUG,3p
hsa-mir-653,UUGAAACAAUCUCUACUGAACCAGCUUCAAACAAGUUCACUGGAGUUUGUUUCAAUA,UUGAAACAAUCUCUACUGAACC,UUCACUGGAGUUUGUUUCAAUA,5p
hsa-mir-654,UGGUGGGCCGCAGAACAUGUGCUGAGUUCGUGCCAUAUGUCUGCUGACCAUCACCU,UGGUGGGCCGCAGAACAUGUGC,UAUGUCUGCUGACCAUCACCU,3p
hsa-mir-655,AGAGGUUAUCCGUGUUAUGUUCGCUUCAUUCAUCAUGAAUAAUACAUGGUUAACCUCUUU,AGAGGUUAUCCGUGUUAUGUUC,AUAAUACAUGGUUAACCUCUUU,3p
hsa-mir-656,AGGUUGCCUGUGAGGUGUUCACUUUCUAUAUGAUGAAUAUUAUACAGUCAACCUCU,AGGUUGCCUGUGAGGUGUUCA,AAUAUUAUACAGUCAACCUCU,3p
hsa-mir-660,UACCCAUUGCAUAUCGGAGUUGUGAAUUCUCAAAACACCUCCUGUGUGCAUGGAUUACA,UACCCAUUGCAUAUCGGAGUUGU,ACCUCCUGUGUGCAUGGAUUACA,5p
hsa-mir-670,GUCCCUGAGUGUAUGUGGUGAACCUGAAUUUGCCUUGGGUUUCCUCAUAUUCAUUCAGGAGUGU,GUCCCUGAGUGUAUGUGGUGAACC,UUUCCUCAUAUUCAUUCAGGAGUGU,3p
hsa-mir-671,AGGAAGCCCUGGAGGGGCUGGAGGUGAUGGAUGUUUUCCUCCGGUUCUCAGGGCUCCACC,AGGAAGCCCUGGAGGGGCUGGAGG,UCCGGUUCUCAGGGCUCCACC,5p
hsa-mir-6720,UUCCAGCCCUGGUAGGCGCCGCGGAAGAAGGGGAAGCGCGCCUGCAGGAACUGGUAGA,UUCCAGCCCUGGUAGGCGCCGCG,CGCGCCUGCAGGAACUGGUAGA,5p
hsa-mir-6746,CCGGGAGAAGGAGGUGGCCUGGAGAGCUGCUGUCUCCAGCCGCCGCCUGUCUCCACAGU,CCGGGAGAAGGAGGUGGCCUGGA,CAGCCGCCGCCUGUCUCCACAGU,5p
hsa-mir-675,UGGUGCGGAGAGGGCCCACAGUGGACUUGGUGACGCUGUAUGCCCUCACCGCUCAGC,UGGUGCGGAGAGGGCCCACAGUG,CUGUAUGCCCUCACCGCUCAGC,3p
hsa-mir-676,UCUUCAACCUCAGGACUUGCAGAAUUAAUGGAAUGCUGUCCUAAGGUUGUUGAGUU,UCUUCAACCUCAGGACUUGCA,CUGUCCUAAGGUUGUUGAGUU,3p
hsa-mir-7-1,UGGAAGACUAGUGAUUUUGUUGUUUUUAGAUAACUAAAUCGACAACAAAUCACAGUCUGCCAUA,UGGAAGACUAGUGAUUUUGUUGUU,CAACAAAUCACAGUCUGCCAUA,5p
hsa-mir-7-2,UGGAAGACUAGUGAUUUUGUUGUUGUCUUACUGCGCUCAACAACAAAUCCCAGUCUACCUAA,UGGAAGACUAGUGAUUUUGUUGUU,CAACAAAUCCCAGUCUACCUAA,5p
hsa-mir-7-3,UGGAAGACUAGUGAUUUUGUUGUUCUGAUGUACUACGACAACAAGUCACAGCCGGCCUCA,UGGAAGACUAGUGAUUUUGUUGUU,CAACAAGUCACAGCCGGCCUCA,5p
hsa-mir-708,AAGGAGCUUACAAUCUAGCUGGGGGUAAAUGACUUGCACAUGAACACAACUAGACUGUGAGCUUCUAGA,AAGGAGCUUACAAUCUAGCUGGG,CAACUAGACUGUGAGCUUCUAGA,5p
hsa-mir-7151,GAUCCAUCUCUGCCUGUAUUGGCUUGGAUUCUGCAAAGCCUACAGGCUGGAAUGGGCUCA,GAUCCAUCUCUGCCUGUAUUGGCU,CCUACAGGCUGGAAUGGGCUCA,5p
hsa-mir-744,UGCGGGGCUAGGGCUAACAGCAGUCUUACUGAAGGUUUCCUGGAAACCACGCACAUGCUGUUGCCACUAACCUCAACC,UGCGGGGCUAGGGCUAACAGCA,CUGUUGCCACUAACCUCAACC,5p
hsa-mir-758,AUGGUUGACCAGAGAGCACACGCUUUAUUUGUGCCGUUUGUGACCUGGUCCACUAACC,AUGGUUGACCAGAGAGCACACG,UUUGUGACCUGGUCCACUAACC,3p
hsa-mir-760,CCCCUCAGUCCACCAGAGCCCGGAUACCUCAGAAAUUCGGCUCUGGGUCUGUGGGGAG,CCCCUCAGUCCACCAGAGCCCGGA,CGGCUCUGGGUCUGUGGGGAG,3p
hsa-mir-766,AGGAGGAAUUGGUGCUGGUCUUUCAUUUUGGAUUUGACUCCAGCCCCACAGCCUCAGC,AGGAGGAAUUGGUGCUGGUCUUU,ACUCCAGCCCCACAGCCUCAGC,3p
hsa-mir-769,UGAGACCUCUGGGUUCUGAGCUGUGAUGUUGCUCUCGAGCUGGGAUCUCCGGGGUCUUGGU,UGAGACCUCUGGGUUCUGAGCU,CUGGGAUCUCCGGGGUCUUGGU,5p
hsa-mir-770,UCCAGUACCACGUGUCAGGGCCACAUGAGCUGGGCCUCGUGGGCCUGAUGUGGUGCUGGGGC,UCCAGUACCACGUGUCAGGGCCACA,UGGGCCUGAUGUGGUGCUGGGGC,5p
hsa-mir-802,UCAGUAACAAAGAUUCAUCCUUGUGUCCAUCAUGCAACAAGGAGAAUCUUUGUCACUUAGU,UCAGUAACAAAGAUUCAUCCUUGU,AAGGAGAAUCUUUGUCACUUAGU,5p
hsa-mir-873,UGCAGGAACUUGUGAGUCUCCUAUUGAAAAUGAACAGGAGACUGAUGAGUUCCCGGGAA,UGCAGGAACUUGUGAGUCUCCU,GAGACUGAUGAGUUCCCGGGAA,5p
hsa-mir-874,CGGCCCCACGCACCAGGGUAAGAGAGACUCUCGCUUCCUGCCCUGGCCCGAGGGACCGAC,CGGCCCCACGCACCAGGGUAAGA,CUGCCCUGGCCCGAGGGACCGAC,3p
hsa-mir-875,UAUACCUCAGUUUUAUCAGGUGUUCUUAAAAUCACCUGGAAACACUGAGGUUGUGU,UAUACCUCAGUUUUAUCAGGUG,CCUGGAAACACUGAGGUUGUGU,5p
hsa-mir-885,UCCAUUACACUACCCUGCCUCUUCUCCAUGAGAGGCAGCGGGGUGUAGUGGAUA,UCCAUUACACUACCCUGCCUCU,AGGCAGCGGGGUGUAGUGGAUA,5p
hsa-mir-887,UCCUUGGGAGCCCUGUUAGACUCUGGAUUUUACACUUGGAGUGAACGGGCGCCAUCCCGAGGCUU,UCCUUGGGAGCCCUGUUAGACUC,GUGAACGGGCGCCAUCCCGAGGCUU,5p
hsa-mir-888,UACUCAAAAAGCUGUCAGUCACUUAGAUUACAUGUGACUGACACCUCUUUGGGUGAA,UACUCAAAAAGCUGUCAGUCAC,GACUGACACCUCUUUGGGUGAA,5p
hsa-mir-889,AAUGGCUGUCCGUAGUAUGGUCUCUAUAUUUAUGAUGAUUAAUAUCGGACAACCAUUGU,AAUGGCUGUCCGUAGUAUGGUC,UUAAUAUCGGACAACCAUUGU,3p
hsa-mir-890,UACUUGGAAAGGCAUCAGUUGCUUAGAUUACAUGUAACUAUUCCCUUUCUGAGUAGA,UACUUGGAAAGGCAUCAGUUGC,AACUAUUCCCUUUCUGAGUAGA,5p
hsa-mir-892a,UACUCAGAAAGGUGCCAGUCACUUACACUACAUGUCACUGUGUCCUUUCUGCGUAGA,UACUCAGAAAGGUGCCAGUCAC,CACUGUGUCCUUUCUGCGUAGA,3p
hsa-mir-892b,UACUCAGAAAGGUGCCAUUUAUGUAGAUUUUAUGUCACUGGCUCCUUUCUGGGUAGA,UACUCAGAAAGGUGCCAUUUAU,CACUGGCUCCUUUCUGGGUAGA,3p
hsa-mir-892c,UAUUCAGAAAGGUGCCAGUCACUUAGAUUACAUGUCACUGUUUCCUUUCUGAGUGGA,UAUUCAGAAAGGUGCCAGUCAC,CACUGUUUCCUUUCUGAGUGGA,5p
hsa-mir-9-1,UCUUUGGUUAUCUAGCUGUAUGAGUGGUGUGGAGUCUUCAUAAAGCUAGAUAACCGAAAGU,UCUUUGGUUAUCUAGCUGUAUGA,AUAAAGCUAGAUAACCGAAAGU,5p
hsa-mir-9-2,UCUUUGGUUAUCUAGCUGUAUGAGUGUAUUGGUCUUCAUAAAGCUAGAUAACCGAAAGU,UCUUUGGUUAUCUAGCUGUAUGA,AUAAAGCUAGAUAACCGAAAGU,5p
hsa-mir-9-3,UCUUUGGUUAUCUAGCUGUAUGAGUGCCACAGAGCCGUCAUAAAGCUAGAUAACCGAAAGU,UCUUUGGUUAUCUAGCUGUAUGA,AUAAAGCUAGAUAACCGAAAGU,5p
hsa-mir-92a-1,AGGUUGGGAUCGGUUGCAAUGCUGUGUUUCUGUAUGGUAUUGCACUUGUCCCGGCCUGU,AGGUUGGGAUCGGUUGCAAUGCU,UAUUGCACUUGUCCCGGCCUGU,3p
hsa-mir-92a-2,GGGUGGGGAUUUGUUGCAUUACUUGUGUUCUAUAUAAAGUAUUGCACUUGUCCCGGCCUGU,GGGUGGGGAUUUGUUGCAUUACU,UAUUGCACUUGUCCCGGCCUGU,3p
hsa-mir-92b,AGGGACGGGACGCGGUGCAGUGUUGUUUUUUCCCCCGCCAAUAUUGCACUCGUCCCGGCCUCC,AGGGACGGGACGCGGUGCAGUGUU,UAUUGCACUCGUCCCGGCCUCC,3p
hsa-mir-93,CAAAGUGCUGUUCGUGCAGGUAGUGUGAUUACCCAACCUACUGCUGAGCUAGCACUUCCCGA,CAAAGUGCUGUUCGUGCAGGUAG,ACUGCUGAGCUAGCACUUCCCGA,5p
hsa-mir-934,UGUCUACUACUGGAGACACUGGUAGUAUAAAACCCAGAGUCUCCAGUAAUGGACGGG,UGUCUACUACUGGAGACACUGG,AGAGUCUCCAGUAAUGGACGGG,5p
hsa-mir-941-1,ACAUGUGCCCAGGGCCCGGGACAGCGCCACGGAAGAGGACGCACCCGGCUGUGUGCACAUGUGC,ACAUGUGCCCAGGGCCCGGGACAGCG,CACCCGGCUGUGUGCACAUGUGC,3p
hsa-mir-941-2,ACAUGUGCCCAGGGCCCGGGACAGCGCCACGGAAGAGGACGCACCCGGCUGUGUGCACAUGUGC,ACAUGUGCCCAGGGCCCGGGACAGCG,CACCCGGCUGUGUGCACAUGUGC,3p
hsa-mir-941-3,ACAUGUGCCCAGGGCCCGGGACAGCGCCACGGAAGAGGACGCACCCGGCUGUGUGCACAUGUGC,ACAUGUGCCCAGGGCCCGGGACAGCG,CACCCGGCUGUGUGCACAUGUGC,3p
hsa-mir-941-4,ACAUGUGCCCAGGGCCCGGGACAGCGCCACGGAAGAGGACGCACCCGGCUGUGUGCACAUGUGC,ACAUGUGCCCAGGGCCCGGGACAGCG,CACCCGGCUGUGUGCACAUGUGC,3p
hsa-mir-941-5,ACAUGUGCCCAGGGCCCGGGACAGCGCCACGGAAGAGGACGCACCCGGCUGUGUGCACAUGUGC,ACAUGUGCCCAGGGCCCGGGACAGCG,CACCCGGCUGUGUGCACAUGUGC,3p
hsa-mir-942,UCUUCUCUGUUUUGGCCAUGUGUGUACUCACAGCCCCUCACACAUGGCCGAAACAGAGAAGUUA,UCUUCUCUGUUUUGGCCAUGUG,CAUGGCCGAAACAGAGAAGUUA,5p
hsa-mir-944,CAUCUGAUAUACAAUAUUUUCUUAAAUUGUAUAAAGAGAAAUUAUUGUACAUCGGAUGAG,CAUCUGAUAUACAAUAUUUUCU,AAAUUAUUGUACAUCGGAUGAG,3p
hsa-mir-95,CUCAAUAAAUGUCUGUUGAAUUGAAAUGCGUUACAUUCAACGGGUAUUUAUUGAGCA,CUCAAUAAAUGUCUGUUGAAUU,UUCAACGGGUAUUUAUUGAGCA,3p
hsa-mir-96,UUUGGCACUAGCACAUUUUUGCUUGUGUCUCUCCGCUCUGAGCAAUCAUGUGCAGUGCCAAUAU,UUUGGCACUAGCACAUUUUUGCU,CAAUCAUGUGCAGUGCCAAUAU,5p
hsa-mir-98,UGAGGUAGUAAGUUGUAUUGUUGUGGGGUAGGGAUAUUAGGCCCCAAUUAGAAGAUAACUAUACAACUUACUACUUUCC,UGAGGUAGUAAGUUGUAUUGUU,CUAUACAACUUACUACUUUCC,5p
hsa-mir-99a,AACCCGUAGAUCCGAUCUUGUGGUGAAGUGGACCGCACAAGCUCGCUUCUAUGGGUCUGU,AACCCGUAGAUCCGAUCUUGUG,CAAGCUCGCUUCUAUGGGUCUGU,5p
hsa-mir-99b,CACCCGUAGAACCGACCUUGCGGGGCCUUCGCCGCACACAAGCUCGUGUCUGUGGGUCCG,CACCCGUAGAACCGACCUUGCG,CAAGCUCGUGUCUGUGGGUCCG,5p
